,solution_0,solution_1,solution_2,solution_3,solution_4,solution_5,solution_6,solution_7,solution_8,solution_9,solution_10,solution_11,solution_12,solution_13,solution_14,solution_15,solution_16,solution_17,solution_18,solution_19,solution_20,solution_21,solution_22,solution_23,solution_24,objective,measures_0,measures_1,threshold,chars_0,chars_1,index
0,0.0926792619608075,-0.14206531882254536,0.0022308739659909343,-0.0375367993141868,0.4446364104952309,-0.40983084774977097,0.020056421841555067,0.27217645084572617,0.5251989513043016,-0.23368056057051145,0.2088371128339346,0.09832274884086953,-0.10941662950669546,0.5688835003491706,0.37456290694735817,-0.2509202964945015,-0.2929047195494986,0.33574783442473577,0.47177479692306834,0.10468788784324862,-0.3574955183505193,0.2685155858747112,0.4387787602304031,0.2224578234874842,-0.20334252383540746,-12.120305680168787,-10.009957042388951,-9.884287583276015,-12.120305680168787,2.7517230120678704,9.960912841620143,88
1,0.0657116167403614,0.6833740129991651,-0.33239936089819855,-0.0811796449339911,0.21733952570119483,-0.3990956315283094,-0.10638703317269096,0.7069815225607121,0.498836275518283,0.02238323431186305,-0.2057149630497872,0.20041368214292204,0.20886583404256615,0.47753962294891433,0.15994000573240025,-0.35861935524577077,-0.5924379325038431,0.8,-0.22596367656923957,0.11380394582534115,-0.48738249569572,0.9697893067486674,-0.30600173481483905,-0.032069185994516185,-0.7675501844090411,-11.643538394378865,-9.05275613848751,-9.27856538184009,-11.643538394378865,0.16101947842957293,2.230251046965044,116
2,0.06758893052255747,-0.37298578735700894,-0.11629328148878995,-0.013372188340487465,0.1746166405552013,0.16673879697385757,0.6438641328339585,0.20958539118184022,-0.014795266739583701,-0.05273988388091839,0.12066634600716755,0.2299786412305403,-0.4570815590259836,-0.03047050962561606,0.8,-0.48394932769260757,0.18554555700347664,-0.34719289962759314,0.2750034538379356,0.07874594372991818,-0.5105266499211899,-0.16784442297578017,-0.7099594045289555,-1.2043839425097733,-0.6047559042981905,-11.23939448366559,-8.251092645894603,-8.883336641979325,-11.23939448366559,0.3119523545508623,0.7802096283291535,145
3,0.11256499923712487,0.22450066788207826,0.13765659058165608,0.32085034005228324,-0.10474516225714123,-0.3082212261501468,0.11217312686832628,0.29214509118106385,-0.4023458232149758,0.15274632395520493,0.13178729162444414,-0.5573704601119678,0.06728073810636281,0.15318512469757664,-0.17979269164359282,0.0775311660920856,0.5130677569246559,0.2624021637029922,-0.3218635921272664,-0.43824099919374243,-0.28847663203187024,1.0925424641273476,-0.8017051032276253,-0.4358489294257231,-0.7401052922465285,-10.568392879712796,-7.032854526114249,-9.966605263150912,-10.568392879712796,1.1600588357583888,1.2719510091732873,172
4,0.09625887513035303,-0.40193091696053296,-0.19732951643505717,-0.035461356897410416,0.13790192785393895,-0.14180320662579665,0.23137105569195535,0.38022863997208345,0.005312788723914164,-0.28676927504936234,0.2744870196084979,-0.2809980760270714,0.034129129936839656,-0.10981350145252472,0.6364496837454036,0.508487688271017,0.08762079568223383,0.09018720200203875,0.14726930058698923,-0.33007222107072565,-0.681910755748672,0.6823852598763165,-0.2852786578724421,0.21189882744548147,-0.2373879221008234,-12.505231178877011,-10.051903165192977,-4.876732845166367,-12.505231178877011,0.8872674399598299,1.7857021078589739,93
5,0.07592743851081532,0.3109527089560352,0.10318787506986124,-0.771674986475212,-0.17215383106036175,-0.8,0.024753162828995423,0.5827332054836405,-0.41405891059877953,0.11732503386674784,0.09200857421359357,0.09437569229671465,-0.03507164345750331,0.7313742390182856,0.6232737205463442,-0.5621556394152715,-0.616539955959193,0.12197071184706862,0.00889439779626925,-0.4257068739198121,-0.45999535460377533,1.3242678457366799,-0.48944744396652146,1.1387658352880379,0.3991446395865326,-6.767113759973629,0.9236545591242444,-4.919382323220869,-6.767113759973629,0.320436327648768,0.7765744163274092,401
6,0.0985777404645487,0.11056166277711635,0.12784338013759344,-0.33932401501243087,0.35191397265458985,-0.35959727152728027,0.14340946239963548,0.37120172302099513,0.34980975569406303,-0.4658202352902109,0.6609560907336742,-0.05354540112909431,0.17602726207319017,0.2581070890188145,0.37036124947449245,0.11393536199884552,0.15342661289751605,0.4105740856689045,0.4468521231894431,-0.03891391219603495,-0.2727134381095284,0.5707424318173641,0.49891752419482027,-0.46948288727086995,-0.1201300917596572,-12.117344994946805,-10.003202555330606,-10.014933851815218,-12.117344994946805,2.7583751887365957,9.960553832381786,87
7,0.1531459402255934,0.3973071591192355,-0.24561977420451903,-0.8,-0.4983476021685434,-0.49498200092889577,0.022390012144541616,0.11529952545351357,0.17341693775535497,-0.05878529547414987,0.04149893790658649,0.14382267087404182,0.19119461958672357,0.31543008764159497,0.8,-0.2510459311722749,-0.8,0.6890210191887028,-0.217847077554073,-0.42162657838270284,-0.8,1.5,-0.125863446729861,0.3679131844196841,0.1557469744044723,-11.664838579841453,-9.061690927536215,-8.697500701465362,-11.664838579841453,0.5209492859839826,0.7044886893528196,117
8,0.06070762605848443,0.40254631761898985,-0.2609500693453999,-0.09087513070821976,0.0034071766751939125,-0.3954968702092424,-0.07653956931031905,0.01416464885049673,-0.5975382119890441,0.1837825253398245,0.2397039812490101,0.25585152610108447,0.5470971254135666,-0.3483582743453969,0.15844843789551388,-0.26902531420604503,0.2647401225378808,0.3773515396038725,-0.49780720102339043,-0.5223436624374719,-0.3292178296831282,0.35227745071645317,-0.4816412795820858,-0.7273381805034684,-0.009195646459291135,-7.791646012267304,-2.433566433383686,-9.19166721006509,-7.791646012267304,0.5524488727331518,2.1720565152897384,312
9,0.05,0.49074888108753123,0.06135820173099689,-0.06393711142452235,0.02247564686433328,-0.1723611235744001,-0.4017235058317341,-0.44434420214297565,-0.057487470083740506,-0.0951143289167428,-0.3371430481795178,-0.5936449579150074,-0.33772756226728395,-0.46312845081079657,0.2872044372915155,0.10496256647579394,0.006587973658035269,-0.2692874333148259,-0.23780247769156054,0.2494433252616255,0.09844470901300673,-1.0511580490189565,0.2658719306318721,0.6652306820711024,-0.5886137090481347,-12.139393535488196,-10.022593571585464,-8.933915615919798,-12.139393535488196,0.3359317887910599,1.714160388047209,89
10,0.11804705165810479,0.24138686582633173,0.1484854624015839,0.24131229946846722,-0.20752665207057913,-0.507591353566985,-0.08340737392575057,0.2525809716297935,-0.5223175219744326,0.036337072124479036,0.1978042122501975,-0.8,-0.10816030389540757,0.03806522723996476,0.024020315093156358,-0.20144848118975067,0.46702893971187287,0.26649540585334297,-0.1288976128606835,-0.2455462071873775,-0.24055579438906993,0.850881056654708,-0.8408867000215077,-0.3809243056950563,-0.5756703846350808,-13.1747560157546,-10.315729247971694,-1.7234610677960205,-13.1747560157546,0.6703275976664046,0.9775318287381654,96
11,0.09713684994617672,0.48838633757189936,-0.3993334328006693,-0.8,-0.6907893995206005,-0.8,-0.2736960604095163,0.721544006269475,0.11908498422474549,0.44685367344781024,0.28257917694369256,-0.15586826363300535,-0.07233432444216474,0.8,0.5029750264337175,-0.7641445485210712,-0.8,0.0976261034379464,0.01008293292933024,-0.26096739200072916,-0.6110968410593085,1.5,-0.5208788224969835,1.3512830211780984,0.8113028988907474,-9.47787101403004,-5.1206481881703265,-10.012351672130121,-9.47787101403004,0.8408709671154092,1.0101284217534556,227
12,0.12068326594413537,0.04840725142241939,0.016474818516340417,0.25188883519271477,-0.023542774964281005,-0.40141982309946955,-0.3253966913424625,0.43071085222244065,-0.21687050893768212,0.25655372255872344,0.042328835918533717,-0.5107498569435935,0.4993595026916902,0.1727783612532289,-0.40242469651651336,0.21213186237093137,0.2827052316047553,0.21801088943615263,-0.22012507507725537,-0.3357177755304005,-0.32264399857189624,0.7524287953004986,-1.0387779653633875,0.3206164120156006,-1.1754626337902119,-7.543681197616605,-2.0927594671104996,-10.11760087282833,-7.543681197616605,1.104970689328061,0.9665127818056021,311
13,0.08677034757815454,0.5578080708433946,-0.27899943219432694,-0.39790666274536834,0.14039156698628508,-0.2552777903366499,-0.1329518302900846,0.577428017838011,0.43743210372753416,0.03713453561169753,-0.00505818100878494,-0.041547931930018614,0.2519676207195757,0.3967763924872955,0.24027605743011482,-0.15985941685384417,-0.5213439430468004,0.7533524183895375,-0.24096785235289592,-0.18402292188824582,-0.46611026709069275,1.272454186082139,-0.6055323375797784,0.047293451862908,-0.726920723587387,-12.36886362298615,-10.025393520374912,-5.832987468020807,-12.36886362298615,0.1608373135440606,2.0979659731157274,92
14,0.1272494158659105,0.08354442309550811,-0.06996688096038467,-0.2273176281909722,0.31660667057369835,-0.8,-0.4326176691705689,0.44293406591268497,0.10842796383450792,-0.21684790615260197,0.40279097254648194,-0.1900734096904698,0.11133626113098695,0.5586774245469353,0.29641739306710835,-0.7030646328378377,-0.44715607304245725,0.8,-0.5568521704161973,-0.34516114810923104,-0.5551102019089471,1.1674927208209598,-0.6586888865161327,0.7451673212229313,-0.14118841904120402,-12.9083938707915,-10.12135129973763,-2.6500372834411916,-12.9083938707915,0.7839650335179905,1.60115376089384,95
15,0.09499456557098485,0.007359253683283079,-0.8,-0.027595982648831868,0.8,0.3868100242188164,0.4656126741787082,0.4111935882905469,0.010167731677272182,-0.16091211080911352,-0.10388083430609818,-0.07418860877785996,-0.1669324375824572,-0.6269555830267429,0.6106638459047752,-0.29225270791581826,-0.03887322110554019,0.07809750119469577,0.3277642923024081,0.24300340314601535,-0.5140559905887274,0.12175930814052582,-0.4462757273103834,0.23672288248926962,0.004740258340048681,-12.035361858729033,-9.363669895451773,-5.970756176559969,-12.035361858729033,0.414648623472287,2.233350925804833,120
16,0.08769949534657209,-0.41882641169060464,0.48162765485010606,0.0027770503896638126,0.1577836124456097,0.32028125008981545,-0.03686835152287246,-0.13173839348298572,0.056282946463653505,-0.640477799464944,0.4391970146488906,-0.017814788215256887,-0.31098098275138697,0.0850723014045518,0.3720168601815196,-0.09703527950299165,0.11083918497677614,0.07624493697310239,-0.04785005564846603,-0.2969103312617213,-0.4571173865609611,-0.7522373545026827,-0.1446649594724031,-0.8209482305716682,0.025177049979668936,-11.709223246267534,-9.145105080449344,-11.055995593653323,-11.709223246267534,0.22281567228229643,0.8579039507248827,114
17,0.06330244508931845,0.027044370752740104,0.8,0.5753734760448221,0.2029332499405757,-0.008609164642525508,-0.33231286449227704,-0.07659679982759669,0.5818643476677053,0.11887521169459078,-0.18588186299156498,0.2390640445788097,-0.24485971242669988,-0.5831836981530278,-0.13489974524105938,0.09458649685840657,0.26320799072216283,-0.03537547391229376,-0.07863649292706192,-0.2870181646162177,-0.1625748107303253,-1.288466605071939,-1.4706278552959136,-0.24316406413981984,-0.4145196655338862,-11.103778792730393,-8.009290975401276,-9.156703536819943,-11.103778792730393,0.13083390891250446,1.709349974626956,144
18,0.121554044566271,0.36126874792150837,0.155969177804957,0.3828869403123685,-0.12150549610041188,-0.7595571092332152,0.15560300880418992,0.5120048084176567,-0.4061640013671446,-0.0070966677169690545,-0.052657574090288484,-0.8,-0.005322342597054969,0.06525744391126431,-0.05282971671462014,0.015005872381311847,0.7629760248255324,0.28699425264441786,0.13369292984745054,-0.6498283083990629,-0.17063688005044814,1.5,-0.5936078287219424,-0.08133654777556665,-0.6842548379053458,-12.231743649218576,-10.039448384515099,-7.3192870537464225,-12.231743649218576,1.1144011806251732,1.0447757348767621,90
19,0.1374613608761316,-0.021628682553301984,-0.28098985664305287,-0.8,-0.5283212857532403,0.27059120062431896,-0.6678405717981624,0.042063339448015574,0.11072755380937119,-0.35853087847604637,0.2696869331666574,0.46687973916118286,0.533726784228814,0.190354539953137,0.5393025786740041,-0.23352572401956584,-0.3502459129276417,0.08173492424859607,0.12608168302733078,-0.08319552896614342,-0.7165425845781801,1.0346987198580084,-1.5,-0.2990083360467349,0.1086845656667548,-15.828462705076234,-10.574078712648069,8.07619024104428,-15.828462705076234,0.5264041977620623,0.9303762395560002,106
20,0.05616299371286422,0.017910059576440873,0.8,0.46771250280523186,0.4434978874947154,0.33520287911702956,-0.438885510239317,0.23638647678153135,0.4515826893873127,-0.05001867524178471,0.025745684427083915,0.043669098109334226,-0.20177593579584072,-0.6900240837746316,-0.35225320421904344,0.014636163299251145,0.00834179284899806,-0.11432263912079557,0.022012832125747644,-0.19313576031581225,-0.24849844258839704,-0.6588290616609578,-1.167765150338774,-0.2839506423309886,-0.2328203561387866,-10.571522262862416,-7.013334612412875,-10.677339068762608,-10.571522262862416,0.2536803703255941,1.137398053461064,171
21,0.05,0.6462072679014655,0.3749988076067423,0.37108814776766696,0.2119801711405953,-0.10012442230089652,-0.6436069347256513,-0.025970173213416173,0.1432821602617913,-0.3569646584579741,0.5043844877380147,-0.20316690777083005,-0.8,-0.5429280306746319,-0.37823016621459765,0.4584713653221101,0.11302360860422876,-0.4206531333186859,-0.1250553548740419,-0.7247223462856146,-0.6891359769216311,-1.5,-1.5,-0.5785301125392437,-0.6917579421928681,-6.786913609666017,-1.0320108536901722,-10.20934910493801,-6.786913609666017,0.3834614112412365,0.9081869246576768,339
22,0.1384627893974665,-0.4659103633630889,-0.5834802936710461,-0.31592944699521913,0.027432955406649917,0.21751403633973793,-0.17426525695725503,0.24951829599983438,0.30693479424717396,-0.2776788228473116,0.4866110470460935,-0.06610661028356327,-0.11156848805289422,-0.002534171789425249,0.6669074825914553,0.3411247711410022,0.1283703306874418,0.25326664119276854,0.23036251113452966,-0.05265343914365943,-0.8,0.9120780278213452,-0.7412770253757784,0.10727221278618887,-0.28081708884157053,-6.802136147342857,-1.061001402521356,-9.923683849809994,-6.802136147342857,1.2083011974154152,0.7867315808189927,340
23,0.05,0.212976075542897,0.8,0.36391944577239005,0.334958219789625,0.0012267764531816647,-0.5031130904261882,-0.036330936107869645,0.3759603665991569,-0.14530483256727272,-0.056493933489009884,0.09108662038012297,-0.4449524223206394,-0.6107236446425846,-0.2234951530643874,0.2891455739232148,0.18119246233494263,-0.02120889696035716,-0.06746385876814542,-0.38370294751994216,-0.2169270885487131,-1.153319434429726,-1.076761912789854,-0.5765258179036619,0.07323539218960431,-6.893872912270606,-1.0617250502778306,-8.500799094607473,-6.893872912270606,0.4038630021096642,0.7799446712098459,341
24,0.08704957735169246,-0.23434762974863446,-0.055674630849214424,-0.11694476724485961,0.12675591021119625,0.12914234724626175,0.32881086390470143,0.19414952382609987,-0.2972621406133038,-0.10230102934649085,0.34612807535317397,-0.08466408693390531,-0.36956233810252564,0.005068231801806086,0.63609481890803,-0.2948529945931169,-0.025151362969759256,-0.03620324967126201,0.15196325311541567,0.16848767508557583,-0.5658270132941218,-0.11074448885604915,-0.9436261427861873,-1.132371496400765,-0.20146345409227692,-7.1027665701766605,-1.016730789138521,-7.239739258730663,-7.1027665701766605,0.1777119597416509,2.2806818500154282,342
25,0.08704957964395327,-0.06605032948686129,-0.30050243120231496,-0.8,-0.11417190402838992,-0.495842223975692,0.21298797268125944,0.8,0.2735511253764329,0.02185059495791758,-0.20467173336086214,-0.4174565543460015,0.584424983910759,0.5091945356795288,0.29897780481893027,-0.8,-0.7885309923585706,0.49956571696959284,-0.29338319931656076,-0.29608118444399023,-0.7702353445441117,1.131368117862636,-0.16502114138051244,-0.17121057935008127,-0.3870273244047609,-12.255121373491818,-10.020937773793037,-6.922403945452748,-12.255121373491818,0.4664123514388472,1.471100978336322,91
26,0.10324031128975399,-0.3165565463699985,0.2796868857400353,0.44928067596684873,-0.12183123181916013,-0.09267231673173837,0.3901558524279775,-0.4697438501791923,-0.022004947003691325,-0.1478986634041447,0.19318343090376885,-0.20944755896116762,0.8,-0.6740954918676761,0.580960686356325,0.5760976570890562,0.03139795550537582,0.09584251451623606,-0.09130082675558522,-0.10392643770286326,-0.4312710466758689,-0.547759024025591,0.31687627258694995,-0.21651838460717882,1.3829075522764798,-12.44502297400128,-4.491751933017122,3.213797677979101,-12.44502297400128,0.5806887881075737,2.2210904679617136,269
27,0.05,-0.06693968834381295,-0.26776049354757814,0.042537593847586944,0.2944641675423033,0.5686941505987312,0.15482069198906617,0.11312388021785529,0.2076489911676309,-0.43520848906034093,-0.003192782031661609,-0.3023427512595102,-0.22565058401684757,-0.2183471561874868,-0.2483190590541081,-0.13059058746912228,-0.05200536981585334,0.32398572725368846,-0.8,0.1918060937591904,0.5104806983339285,-0.45595714239899776,0.13230122631974972,-0.7215845369594117,1.0875655509141844,-11.62463460087072,-9.008367931076354,-10.596195417731078,-11.62463460087072,0.21887521897107626,1.2989704417106782,115
28,0.05,0.287385132101903,0.15160942068512534,0.0164454722750335,0.009015966689940244,-0.1369466061030793,-0.1615465037338697,-0.334657150911348,-0.06490731099430165,0.08235163912126099,-0.2586097785536489,-0.39387506315888815,-0.23644451889816376,-0.17080242361223702,-0.0475185220771811,0.1507852633168755,0.04478194259621906,-0.08688783987704173,-0.220847274855349,-0.02563678737319275,-0.023194087574814504,-0.7500303083736195,0.014875308887176725,0.5289257318302535,-0.9260184229722048,-7.539452346657685,-2.0040083895099974,-11.051088828057146,-7.539452346657685,0.2489198734567514,0.9059833120055444,310
29,0.12371465899738592,-0.2717200211491223,-0.3898751277902297,-0.12482869110379542,0.422816213107822,0.17507618006466266,0.045317897928302264,0.22832810731634556,0.2943723990938789,-0.14743446477331104,0.36519884302285976,-0.1014291762772375,-0.16996368806043088,-0.09344626353141983,0.7316884312512221,0.7116445486722098,0.2184424712427216,0.6997089645333903,0.22189521694396033,0.1383260823153338,-0.5696548104158159,0.5067514252016226,-0.32052864347278454,0.4030426698420072,0.35902887293174635,-11.820879409476698,-6.644116365098949,-0.9664367947552767,-11.820879409476698,0.6091401054037849,2.221837463101097,209
30,0.07642443070982136,0.25890658981784204,0.666359186111509,0.1362790536009623,0.2780821859982297,-0.013628914541833459,-0.3631954900854084,-0.17476174486747278,0.5440980359216293,-0.13855372135643945,0.048406982462977505,0.23266719440207062,-0.4051671914887659,-0.7136167073470966,-0.17246118737335592,-0.11344913639984039,0.2660820390543902,-0.061203732692887605,-0.030951076469310893,-0.41088821157546435,0.03942124672579478,-1.0908543126900463,-0.9762007619975047,-0.03332042772213378,-0.1576446721769795,-6.731870578347728,-0.9657913877352814,-9.971414246142862,-6.731870578347728,0.33235904116043613,0.9292995837362801,368
31,0.062264755163384235,0.5042071401885562,-0.34637564638787977,-0.2786466468354257,0.2986270266393248,-0.5126965834019278,-0.047473408011651085,-0.04718377840866307,-0.25937306421190265,0.30493945187212873,0.4299468553410507,0.21778261055341236,0.5358652298501472,-0.4926718656683534,0.3906162808047201,-0.18651382046787743,0.2081977229473503,0.31673551156264956,-0.529273717541434,-0.5392854355823393,-0.5845731063987807,0.5850951422115626,-0.8394732888786869,-0.5208798028271348,0.08668107674281489,-6.630105177064012,-0.15999641110499602,-6.8471196772994825,-6.630105177064012,0.4669458658216037,0.646165365720199,371
32,0.06376587329362263,-0.6143394284275806,0.072417981424553,0.05629747232595937,0.30068263022284747,0.37940665221130365,0.5053835199833823,-0.4144665412443639,0.6041071609883059,0.2002444154571758,0.21019199893273202,-0.5177721936565269,-0.19149874594374736,-0.18722795163166903,0.7635391245779086,0.3384179246790486,0.3840408193627815,0.007495132394386622,0.5071156002379513,-0.17147361682070839,-0.6709381637673736,0.5580552369113118,-0.4831526490976364,0.8087197357070198,-0.21065272372691496,-8.804125441722553,-4.015059255357282,-9.833100198092477,-8.804125441722553,0.283075784456784,1.7721539108201567,256
33,0.06199378528291035,0.06322481117089238,0.8,0.7957905798669527,0.590372205719909,-0.008355795320295067,-0.42153878815762336,0.03534521527322941,-0.0610822621320113,-0.08032802701771412,-0.3069242218742797,0.0051863798994988535,-0.42273580511628783,-0.2541507782221413,0.5588608414650809,0.40095518167949623,0.356935947231942,-0.11605706111090708,0.044732396760558846,-0.23168619508701416,0.15604898794485625,-0.375323145480508,-1.3283327515057046,-0.6657470163330279,0.361991983754808,-8.213942772366257,-3.0392712174682788,-8.8590260725916,-8.213942772366257,0.24979773669228109,2.1443085332312,285
34,0.1039645613353622,-0.2390856429268073,-0.10749850106135292,0.09337821167664831,0.35891210800315576,0.08316350588961048,0.4489099336575789,0.32330274173849566,-0.16002875643082567,-0.1585726957430612,0.3082083390946518,0.04527885589402983,-0.3072564402394684,-0.022539992362184593,0.5167181183420373,-0.33539157544111803,-0.058101183130463155,0.023687861173350235,0.031178347724284364,0.3153242086712127,-0.6948136306476101,0.05481891069387876,-0.761174307068554,-0.6743814368815951,-0.1585422143557514,-7.728190854081248,-2.0931566614660153,-7.705291380110105,-7.728190854081248,0.41665543651807,2.072382871564969,314
35,0.05,-0.1579138520909048,-0.5026422006504416,-0.001540974256724087,-0.3299134262274549,0.39180022607488074,0.10921712410617068,0.4183060140224076,0.11628364748315716,-0.11636129061072464,0.3207650744732493,0.1660433402152648,0.3522410097064584,0.44013261696963785,0.8,0.34624423309900254,-0.3082523446263272,0.39483780124601237,-0.06034339876022567,-0.7281015713424861,-0.32222511894576716,0.8677619908833647,-0.06229596022026512,1.0176847268797171,0.11565992336666349,-11.166812039199518,3.1127492770646423,4.183113191225381,-11.166812039199518,0.36082723620128154,0.7351000817598221,494
36,0.05,0.2040286309488947,-0.24997407919475384,-0.012303030795833673,0.3061293245409664,0.35995306252325565,-0.2169267755709579,0.1097072878863252,0.021003218552188757,-0.1687918113480592,0.05874612175501583,-0.6241243210202587,-0.22775223398543346,-0.275201592306994,-0.06236883224971562,0.006337137091423153,0.09683410673951999,0.48913505364965326,-0.8,0.24578310227654565,0.6651860983025385,-0.3347957627445777,0.40027921203411576,-0.3196070879026317,0.6630236620013383,-8.826891293469362,-4.03073169185334,-10.505476748180197,-8.826891293469362,0.307293681079327,1.1614220174808052,255
37,0.1139063122140216,0.3435060674397874,-0.30135678388895537,-0.5278546182717875,-0.34737895340327274,-0.8,-0.6119382588531282,0.5601787050557314,-0.12018325259995462,0.00494024968550846,0.6108687360023968,0.26003476259631875,0.3051490317194865,0.21504803995088936,0.4313157913978487,-0.2596001187361737,-0.5952425716967499,0.48206486106856866,-0.2403758017558389,-0.16485037485902973,-0.44960006125608226,1.5,-0.1977823215806056,0.10112088633111194,0.388680009892829,-8.187412052043852,-3.016234070907035,-10.66323752890977,-8.187412052043852,0.43915765777495214,0.9298685125521171,283
38,0.12089084716079936,-0.8,0.23281376475727694,0.3813627818061289,0.5338472151399395,0.35959017441552094,0.2754194617127803,-0.3873408577738426,-0.0021905552593372013,-0.3621928616702679,-0.18136471416452593,-0.0701023675922862,-0.07990292845908001,-0.5159872667921052,0.566814144493108,0.6652497531538377,0.3276569886706101,-0.46568157834764146,-0.10818468393316187,-0.2462424343770404,0.14620712780777817,-0.3466064279503945,-1.5,0.39405057369675983,0.5165968381665197,-10.117767515518924,-6.218122922277231,-9.42482054503179,-10.117767515518924,0.5502178317325459,2.4928829012909777,200
39,0.1345704483319934,0.2007039048213079,0.24341436265928018,-0.8,-0.22403044363034152,-0.7900441149325843,0.06898643453364454,0.8,-0.1381384008237455,0.2747347572248714,0.08246197174233941,0.009597288764050915,0.5479097523686801,0.05228436055259433,0.4394551414624169,-0.7625405013383206,-0.8,0.7597119666663631,-0.5835742206506042,-0.5303788826292868,-0.6462554180389521,0.5183102219586578,-0.8749917336542162,0.5379513332880843,0.4624716499208467,-11.566478578923784,-7.041359552191885,-2.558224819756716,-11.566478578923784,0.9462873924922739,0.9907706474030532,179
40,0.05,-0.2718361555201657,0.20491364687876112,0.1323895278038826,0.004504851814965502,0.17514519216406288,0.12590448156003614,0.2155152570128683,0.6529607333816749,-0.10674955828760208,0.15008561218611322,-0.37229087001074773,0.5061145739631054,-0.3792097109844622,0.23847417803167914,0.35477523882912954,0.26685916606971777,0.20021456895147002,-0.01405097316648285,0.25383464102228115,-0.6258329940749411,0.35705396045463506,0.2755470328073299,0.15542425621449907,0.5458547699809198,-9.506268423814582,-5.169403717301205,-9.772246120204779,-9.506268423814582,0.3642991367078407,2.2698220999399714,228
41,0.07093761088239905,-0.20275416616146305,0.31550777130373275,0.296491520756656,0.29049316473776754,-0.28357999275375406,0.5188173587866886,-0.17826919401579003,0.27539454125403656,-0.2737094984675174,0.1414655004116539,-0.136182779553741,0.6566029973099208,-0.6065687431373901,0.8,0.5237150381882941,-0.0935026974106265,0.2065897220608167,-0.03217833933064291,-0.01773603870189877,-0.40347184083619775,-0.3212750579853652,0.4559437498633847,-0.20189029316399282,0.8868239507108829,-11.905247638912801,-9.298121673624676,-6.881774600305525,-11.905247638912801,0.42165157671972164,2.2130896961560635,119
42,0.05910407745154696,-0.020062240146211913,0.39816904686361754,0.25429516635715566,0.5966713631813341,0.025576646945516097,-0.2824926397202846,0.11429596830542332,0.3290424355673865,0.03926897912256468,-0.1868721205203805,-0.13194808084592824,-0.06749570387000395,-0.3396644388833831,-0.32440789617136206,-0.2010312776339493,0.03331192837019654,0.14290781690090873,-0.040965442149568855,0.11694557263904276,-0.2008290378541298,-0.33356228103946906,-1.1619442421461192,-0.2529194987600386,0.5053516190434767,-6.1853683235731385,2.6117455423125375,-4.472178991803449,-6.1853683235731385,0.3335651145521052,1.1454717543241706,457
43,0.0917184284459426,0.2775695611440184,-0.004197147296976312,-0.6284591355672207,0.1921665990784455,0.30865818386884614,-0.29951761989906395,-0.21538084388288872,-0.3149328219882147,0.33005985517826836,0.47390496825474504,-0.6490389518657587,-0.6275323740541239,-0.11789378695628128,0.24970699954614933,0.3874895169353099,0.17927381504907614,0.6647354087946711,-0.44200772177212877,0.18626478083906153,0.8,-1.0861126510346395,1.5,-0.21583086472364035,1.2887427665515967,-6.573259412223521,-0.27258214203841385,-7.298836635827202,-6.573259412223521,0.42119886676025076,0.6394080593222501,370
44,0.08560305649133831,-0.011007453742055105,-0.7795287424949153,-0.0526449835597636,0.42740169725939675,0.753292359433555,0.36138795806638047,0.6650170849727322,-0.05829417196518377,0.31917279274039734,0.1097417057891639,-0.296002757238251,-0.1679390660699835,-0.6433810115850023,0.8,-0.4577260515697151,0.18174783713717074,-0.07245219046720616,0.3569437593651038,0.02118396572606992,-0.8,-0.010356594474551561,-0.7397815257479877,-0.11760345386319347,-1.2757895561633767,-11.118508301799508,-8.043340861509643,-10.404718541707256,-11.118508301799508,0.19085248069685976,1.1673795267371923,143
45,0.11112240950681182,0.10278911737820134,-0.7408497642920568,0.08865700403326812,0.8,0.5295002884048294,0.5941404792829281,0.6517298018571513,0.09479427567460462,-0.31357227211950733,-0.0423810397929532,-0.1347976386864577,0.1305658201289158,-0.589800768464747,0.8,-0.237062041043737,-0.1525012454505346,0.2197813496962112,0.38395160844943543,0.19720313713110743,-0.4238907048186008,-0.016847433256902855,-0.8931465518532256,0.053932313987149316,-0.2341471970393529,-11.480455571757629,-4.785341243126073,0.29550034559445515,-11.480455571757629,0.4562971371789987,2.6633016143479358,266
46,0.05992846867222475,-0.39202732209959207,0.20920272651383165,0.34236786665926766,0.10469895907360842,-0.04219950313525703,0.3863676264811614,-0.03946311911102998,0.7454470417448695,-0.14120038063795037,0.1021299127006766,-0.43373148255139815,0.8,-0.5288526042596519,0.4984466185726243,0.5525238074156745,0.2819656351713983,0.21704076561780677,0.09156053491319684,0.19620901575793065,-0.5912632891711788,0.2753467992873712,0.28096704734347344,-0.24195580239073078,0.7889471884205397,-6.417267781702492,1.8001550903890504,-4.7168801451453275,-6.417267781702492,0.42439306051985537,1.7098919627396363,429
47,0.08283653309866099,-0.2681418716269427,-0.13642162256301182,-0.04934513474233038,0.3463207563395633,0.23579915320923722,0.40021625071687905,0.019535663167315462,0.30221055026624544,-0.11685669282580365,0.18401102033733038,0.024631644077540323,0.03405093749848001,-0.18705871302448956,0.8,0.6284739821078167,0.4722123638276624,0.27044335777043194,0.17154905628078224,0.20895744852202963,-0.43134917186004085,0.561106679397442,-0.31833796602030956,0.6614521863440641,0.15071799902608882,-12.865582316801827,-10.206446315234109,-3.080280369224951,-12.865582316801827,0.420157896912805,1.5809815075122886,94
48,0.12893940039198976,-0.5592483518031978,0.0998881365885262,0.2744334242975384,0.44493508061237574,0.4100255859789744,0.18653281693823637,-0.3558141915684139,0.1910661267477065,-0.5237557943105499,-0.2374076335579748,-0.045959102932680296,-0.23198252621145193,-0.47054011493670944,0.41393405633659164,0.6805003576141253,0.17515737000703607,-0.5850100359972215,-0.10300806099096438,-0.32064808525733335,0.10215504618723835,-0.19018733548993488,-1.3039507023973367,0.27451760935767294,0.7138418835502134,-10.252117323315842,-6.405493899478034,-11.065332855188961,-10.252117323315842,0.7733175685899796,0.8268069723026867,198
49,0.07704460071617433,0.5917574774176474,-0.03625710184333816,-0.25515696393782333,-0.08144667260856586,-0.11953719343876662,-0.10099370404421888,0.47430280236026195,0.47402241195732464,-0.2354894997911269,-0.20229684804744447,-0.24359606748811258,0.3259364366686162,0.2222068923701225,0.09500228100192429,-0.2061390969027766,-0.7855126466238429,0.7567673339547313,-0.07989969581560993,-0.06779220947244645,-0.551611791149307,1.31737469511315,-0.9639054069423203,-0.442604501712686,-0.8777976994780019,-12.670834596204493,-9.01554048058793,-1.530684583674111,-12.670834596204493,0.4575407225964428,2.229677890612751,124
50,0.11446477713688016,-0.6639850033908419,0.23838136103589183,0.15255110897865812,0.4113263875331163,0.4330029090443538,0.012402946232993498,-0.5437334983016803,-0.05714358992300081,-0.8,-0.2220916196283472,-0.5218142766196199,-0.2542651478082648,-0.4558066068182888,0.6055673274747305,0.6499999850602849,0.08916358592549786,-0.5133359677654505,-0.02581398552858944,0.0605157137102649,0.13061324376429512,-1.1384275761314817,-1.5,-0.20204604278394322,0.49069001759258357,-9.690076700311481,-5.412561348590479,-11.126120079624862,-9.690076700311481,0.3429670720940179,0.8625067454241754,226
51,0.05583967526895904,-0.12870198231557617,-0.7439981418427659,-0.24092951780496938,0.16252776126788926,-0.12694161981078825,0.12717911172321675,0.20532332483973095,0.272359863076558,-0.5912717862878489,-0.14728694330264108,-0.2137076387365281,0.040763844286820894,-0.2414111141441444,0.7250376275322691,0.5866953365488252,0.6291442838530187,0.26412364888431134,0.28000703865077925,0.20918351895532894,-0.42585093960227305,0.9260403948089261,-0.3342012029723101,0.815798388711459,0.14096207271512579,-12.001257886099989,-7.281618298265047,-1.279765340695169,-12.001257886099989,0.2684426660926566,2.181800123700172,180
52,0.08689774782463132,-0.5038093013877657,-0.23115946987434974,-0.08326606063276486,0.376612897991944,0.2247805568863283,0.34182190766539017,-0.1196364329141538,0.39568198019928824,-0.035692273427567145,0.1799153883641326,-0.11699072409531806,-0.006538860449539913,-0.19873711968117097,0.8,0.20340225641098572,0.3591891933898459,0.15289909503756235,0.2923378686684396,-0.005383400864688425,-0.8,0.31866480646781103,-0.48269763467343163,0.4873864864319302,-0.32284797202556637,-11.42966001677253,-5.374481437520325,-0.5400173038354069,-11.42966001677253,0.47689997554367036,1.7509254302213304,237
53,0.1322058933151537,-0.5917826931698005,-0.21712566586100968,-0.4475012981725983,-0.23708678678497272,0.09377943912366363,-0.42070494062282815,0.03268941888997651,0.14389241840701691,-0.2950487793231248,0.6503677683279647,0.04555449888057195,0.7403394248957087,0.12108930934898184,0.8,-0.1900336027004635,-0.37967820873874647,0.4182606387700909,0.39789101686914546,-0.09698708627614736,-0.8,0.5391665595786175,-1.4260533685509722,0.22045461263661736,0.08991954980701579,-8.183644147120999,3.5579196098130565,-0.9675612822634319,-8.183644147120999,0.8586029266117936,0.6343557032400192,489
54,0.06970057595183765,-0.060544037692127906,0.5102663225846928,0.8,-0.20236972762969288,-0.44108793700041954,-0.42338166053524506,-0.24289545463616338,0.8,0.4197531915944178,-0.27262493963514745,0.06499257133432641,-0.0324538727451945,-0.36300818326915896,-0.48103454943203505,-0.0211051126088648,0.5601247274946101,-0.277849592702379,0.012772611630372771,-0.20583682639525624,-0.423038416192383,-1.3637474505951677,-0.940892800679129,-0.4055476869389036,-0.609182628437075,-11.821945446508948,-9.276080307820953,-7.776102584748348,-11.821945446508948,0.5354122706773111,0.7601303228623328,118
55,0.062403448612847,-0.3361046762209723,0.2971285772831682,0.37144686074763916,0.5074361917732475,-0.3051099596724477,0.5070336334963894,-0.3351985618458171,0.40852195506983224,-0.40865052565195,0.19421157961122001,-0.09441262950203191,0.45808750155804734,-0.6931770354295237,0.616862909619072,0.5760843650005147,0.06495033962098604,0.07204294114647239,-0.3195310587464003,0.1657590681297831,-0.5869033499705207,-0.5209720991007609,0.40446315095706425,-0.2131290484817624,1.0371383031152965,-11.631068495404403,-5.375089691379131,0.07211316769275346,-11.631068495404403,0.3474869563495556,1.560297722774571,238
56,0.12070917192918423,-0.1889795362423315,0.46127667448287774,0.0020596745179233163,0.3746593075148644,0.3932280765048809,0.17487690854360988,-0.1730258013802723,-0.08335535975803432,-0.28649917169134226,0.41445914662538386,0.022964141978189356,-0.3249902657368046,0.048265441299358725,0.1177576925386006,-0.24295071211454417,0.014656155694731526,0.2662773586416064,0.18327300501775246,-0.3163078296761729,-0.21853096150926116,-0.825766931837943,-0.6086373344380982,-1.0245270990399793,0.07718581633473062,-11.143122896914,2.935660322475224,4.096476950431886,-11.143122896914,0.4639057016731685,1.425567466281959,466
57,0.08368439377861345,0.1427758017765021,0.009953787612620321,-0.1392847637922815,0.5541806888814352,-0.004236518994325741,0.023265927851933273,-0.1927201172558196,-0.08653951016512279,-0.1577385272224134,0.049036015981184095,0.07184927406207384,-0.3432766246757476,-0.12137086396486654,0.36539880259109087,0.1785805300024628,0.6521198006993868,-0.19472787881606118,0.5599157572091054,0.21343255651653092,-0.4044571238634907,-1.2176154711490461,-0.4395238003773129,-0.881127436038003,0.32840751159329074,-12.279827688583346,-9.451447889204193,-4.519697079597475,-12.279827688583346,0.3222382867344356,1.6740259353643911,121
58,0.1305746882115598,0.2850348029793314,-0.329936694205167,-0.42781560367494886,0.3092616062693262,-0.5882080421095457,-0.44087392671513304,0.5174860465810127,0.24933350936586787,-0.6724658443095024,0.3033356845238091,-0.2723342421845314,0.19580868754922837,0.44949383585810554,0.2410350994233353,-0.7289834146685262,-0.6698946754818195,0.8,-0.5693679581350146,-0.22688264316760592,-0.6000034271534426,1.5,-0.45219196674953943,1.2565249738030921,-0.333838749360346,-12.205005068184505,-8.062899292331997,-1.7865578973637546,-12.205005068184505,0.9537393175297393,2.126427167083191,152
59,0.12056212493648179,-0.18408171840104606,0.19169247227806957,0.20748585447228393,-0.47741354869820807,-0.27750634152020626,-0.38321657431187206,0.4569895026976218,0.11603465797935018,0.29809895424444194,0.28254710066140143,-0.6210437633647016,0.6348843866675227,0.47807683005246815,-0.6350095494676474,0.8,0.8,0.6624105786585657,0.09276651234712574,-0.10503346174396996,-0.10437545381875873,1.5,-0.7115175218629127,0.20622950090313152,-1.3630523131721788,-5.329231928921146,2.5815721642886134,-5.818218228865089,-5.329231928921146,0.7187657656748652,0.966663240962151,456
60,0.07828305585727689,0.288697209367979,-0.4656385661030016,0.06826180733827977,-0.6356742628016022,-0.8,-0.5128815564552385,0.3736175050627171,-0.2334469450293956,0.15910401782201708,0.7689994389822941,0.3749916133158837,-0.19986673256313336,0.4390759160913843,0.3841948982268391,-0.2557026432923322,-0.5719530593926203,0.28368336003094263,-0.6328614790354596,-0.3955273334904562,-0.7542901958328325,1.5,0.4632516903700208,0.32897411360030604,0.7178568594662249,-11.568464121848127,-2.166504696014772,2.7560760785011067,-11.568464121848127,0.6347446285587561,1.322618520632309,324
61,0.0763478135859496,0.26378752241725234,-0.015472054728865835,-0.19257909547173957,0.1430494913387299,0.3305081397859942,-0.3480276526698548,-0.36476187189784565,-0.1113845391256742,0.2302030766845244,0.24905950294688384,-0.4266385292198479,-0.49457301166199596,-0.4471382442189412,0.2884807956173932,0.1894727539061646,0.11045068049077485,0.473856732929182,-0.5516024122427579,0.1748823114341164,0.7972574807758395,-0.5149735403780099,1.2556772136894723,-0.11432655846947737,0.8281524404234646,-6.421595298804098,3.468835814106634,-3.651072728493911,-6.421595298804098,0.4924417255428303,0.6104876965143504,486
62,0.05,-0.13663349274606912,-0.5991471089220218,-0.21663525828033106,0.07048024598959719,0.2585820430529828,-0.05407031063816503,0.2434092238773268,0.2276798742748109,-0.0991777961859476,0.17321526197864545,0.19373644541362034,0.2649627239658107,0.4228563670217874,0.7836748297706858,0.4723331335710526,-0.3675713923852815,0.3549874421088388,-0.08033662340169859,-0.5119831788032725,-0.34712487757977833,0.8602435024599147,-0.4781959772410288,0.8682989925712605,0.23915186775434383,-12.301671497692958,5.442303647000288,6.738721848738173,-12.301671497692958,0.32560253019736846,1.0364851105499404,552
63,0.05,-0.27472884630099315,-0.580825715640139,-0.22415154591896896,0.39051847098230175,0.11906589384638652,-0.392408346754832,0.24306834346954903,0.48749224062592744,0.13529904105609514,-0.04833436748765815,0.3078025283235151,0.2471139807609294,0.5805922933921626,0.7926936651488985,0.3327929600605013,-0.1925201983127986,0.6784214506558686,-0.46970912778668505,0.006690222743593044,-0.2413434899147024,0.4800010478344797,-0.28706086712112105,0.7404374546028893,-0.16561266240961037,-12.092431563135385,-7.100891202366076,-0.6747433209309932,-12.092431563135385,0.29698922719655757,0.7243982333699821,181
64,0.1071211918099873,0.09159887502648469,0.19064862674869584,-0.024944432057107377,0.3873239384108459,-0.18367889585225117,-0.20989251368473363,0.1468172056147326,-0.17140185306784467,-0.2771479325003584,0.7855078501594449,0.18975794903681723,-0.36480515442821004,0.4280367771748091,0.054420873915695916,0.6681495080512188,0.05231998356340409,-0.061047651925915214,0.4204770875806071,0.52223654037731,-0.6811479295532668,-0.4146290388364892,-0.4984116102097873,0.20519581042053864,0.604546450907937,-12.240591680947674,-9.089002829605072,-3.766313840056682,-12.240591680947674,0.3753403812337304,1.5824137968306016,122
65,0.14363386748553436,-0.47441727413790735,-0.18768233878856524,-0.20450139351470487,0.36224227485562466,-0.08285329147402809,-0.09604272039640244,0.41568901927422763,0.2656175030367639,-0.47843627675131145,-0.013224067104891934,0.10235503289887116,-0.4547506954084042,-0.6393397608828424,0.2619676683728312,0.28213179068072336,0.11181767690610406,0.0970564879504479,0.27304401542441287,0.16628407006861823,-0.8,0.11558176078767018,-0.46926798591361235,0.4682478047525711,0.24245714407421173,-14.092129630486955,10.719713472913044,10.10787793227116,-14.092129630486955,0.636035313507095,2.7338144504114945,696
66,0.11717518698694378,0.053870667228882625,0.1666274792029622,-0.041512023155317296,0.37413497998625567,-0.11875915493238731,-0.33506006374921005,0.23599783694332033,-0.30892147787255103,-0.32152722161634323,0.8,-0.14660665901850203,-0.38319195894545044,0.40174040041181036,0.053769461788486114,0.7754145078467809,-0.26387242086737883,-0.03261994964640666,0.5638314471610115,0.5517174520489808,-0.7303914583255293,-0.8756953795370881,-0.5858327187392477,0.28757412140959593,0.8152195666230542,-8.2308262503406,-3.108767256173083,-9.435167809679378,-8.2308262503406,0.4792583048532844,1.459717436418469,284
67,0.07852160481647341,0.5321183403785161,0.45569788733931427,0.16872165868274097,0.23594042451075442,-0.10300024538292878,-0.4152834555126022,-0.5183034198099408,0.41415147017348347,-0.1812211958767121,0.23763249586548588,0.37287121970174847,-0.13119058592154492,-0.8,-0.2724804976941745,-0.2499223055988855,0.29420646393587546,-0.18370735777580116,-0.16944208884265952,-0.17055363985559618,0.2986262516740373,-1.3832783106104631,-0.9492877754622407,0.2281300484573759,0.2948722209596414,-11.646522974773067,-8.954478823053059,-7.980337563191425,-11.646522974773067,0.33899475346272795,0.7749491290104011,146
68,0.11167048320482997,0.16531053881090324,-0.018800551742778226,0.34990005373453215,0.5630817064169343,0.2495245328051858,0.689659098149378,-0.4912137756211225,0.16446189871752054,-0.4670410190572504,-0.19863694346847044,-0.6613341696310271,0.1703011931335583,-0.45502599239156044,0.043105740385252195,0.8,-0.5920577628535695,-0.6329033649791257,-0.01219149860994126,0.23919411629235857,-0.11075061039218727,-0.20878917913717043,-0.6352644104489699,-0.6209485406265152,1.0178828351401457,-13.843417071880914,-7.429656430697773,4.617422337415968,-13.843417071880914,0.6664850089130856,1.3825752133086324,186
69,0.08230305950551592,0.5833759899572739,0.19790041229944078,0.7280837227481304,0.6427691555625593,-0.31364489808924967,-0.29986881592764125,-0.5724320196348611,-0.6192079961907055,0.1343665987269686,0.056820067781407094,0.06570440860423192,-0.004253634409561224,-0.4714732327155667,-0.03157162993569229,0.3833498470564091,0.46270369997093636,-0.2682939030896311,0.33828472156693307,-0.11186111794869155,-0.14398282411971025,-0.6736113016237317,-0.6916067835302733,0.6952344308298888,-0.06099128098747571,-11.68696825400318,4.191465220466184,5.392612882505825,-11.68696825400318,0.528331247658064,2.9783722603680234,523
70,0.066941538174317,0.2433655697481086,0.8,0.3195317436203976,0.4056515099773573,-0.03316370060343532,-0.46453931088207506,-0.2471449604604244,0.5436990682931921,-0.040152471113862886,0.10136841084858828,0.07525740936897962,-0.3296173655156817,-0.8,-0.3937842868578877,-0.3533975289040478,0.5754756286013347,-0.03646547491979944,0.15244046683732032,-0.4757092406850118,-0.09884693133603564,-0.6924493271245304,-1.1386087131317795,-0.2945957320650826,-0.40027015185236214,-10.931159652539854,-7.6467171931513835,-11.093697297051685,-10.931159652539854,0.26455658325654374,0.8753401926007909,170
71,0.05,-0.11625427683500666,0.1397710693220859,0.09395312273260045,-0.14566291322569513,-0.12631845274879916,0.4487332825836632,0.2508405978235624,0.47424827303306194,-0.037378008146648156,0.23651724877703095,-0.2369521241673,0.3831709254325544,-0.459535583321336,0.4300728665583621,0.1152381768385965,0.530350411772391,0.1642359323341936,0.10785330141194693,0.3620227922831418,-0.20775999950865198,0.10642407636173129,0.2473959469259783,0.6804530417457813,0.7460842307757272,-10.639761530714981,-5.141918336332509,-2.7751659900301897,-10.639761530714981,0.2733089131691512,2.676873147942748,235
72,0.09519002235996693,-0.31934905093288046,-0.8,-0.06230826183419806,0.09627845707870786,-0.0390332028234252,-0.01992498931597854,-0.1306659316896166,0.1381996061131045,-0.4447383972984999,0.21188135448658146,0.4868537763724254,0.4046729807286228,0.10753965074144642,0.4161236314896843,0.19415850974333193,-0.418134169070882,0.4356268197807015,-0.08367725254309506,-0.3535804675922609,-0.3588711033384231,1.5,-0.32382185225122817,0.848859303320399,0.05547945684187944,-5.770643549489593,1.949112002608426,-5.696892941997384,-5.770643549489593,0.6870462004332867,0.9329231251411836,428
73,0.13131639258056166,0.046973731479421216,-0.6181013985852649,0.0243502939075394,0.5684333701594528,0.2981534980218709,0.6451234059214153,0.6367175169734444,-0.002897725190395023,-0.1895992766780026,-0.09395430722459219,0.29388555901249724,-0.1774805986042993,-0.5118128350429565,0.8,-0.08405983841891693,-0.2601915919149268,-0.12179562531259869,0.1884596120389546,0.16544735065534485,-0.3945378098610942,0.39822282227315514,-0.8416693896599822,-0.4642442987539387,-0.21258527190477056,-10.000879904443224,-6.018000477096995,-10.073657204268887,-10.000879904443224,0.44910580769031866,1.3977660762733919,199
74,0.09077850635139667,0.5807628394236479,0.18581200229829362,0.596190455489805,0.42311036121442414,-0.39932334223228166,-0.23600327310673558,-0.5373239183966702,-0.7189182790823927,0.1356367449543443,0.13513798552001205,0.20978554179828118,-0.03124863098596267,-0.4914424439522396,0.10988675410185578,0.2698418041016884,0.6502964812839445,-0.23991347862679982,0.2564473433719519,-0.3671143555618558,-0.16731990722281473,-0.7309711199398397,-1.0093656108144908,0.9224643260101649,-0.28541763717345536,-6.8100330307474355,6.944617331565851,-2.582891678641945,-6.8100330307474355,0.6564417021551368,1.300756567567757,571
75,0.10157020860408104,-0.20990898444515044,0.23765246052947048,0.09629293020153555,0.36689473212843693,0.4218641709723044,0.013448813244676255,-0.03223811908977975,-0.1660895239273349,-0.3439127119826095,0.12375713201278854,0.20700176940188328,-0.5953622550872335,-0.28023935591796506,0.10916504452022041,-0.3534639586006232,0.004913092813120166,0.2596288666764205,0.22551282880199763,-0.12930417612631628,-0.2150193923689565,-0.5963393954634197,-1.0401976485833975,-1.078459248115188,0.02168928205017317,-10.11748915603218,-6.190830268624283,-8.930308671484182,-10.11748915603218,0.5603454128618297,0.8338459575061477,201
76,0.08539602947762165,-0.17186935773105497,-0.4728830548200229,-0.0023820481479276644,0.028992534610432698,-0.38993647135913434,0.08723139370696631,-0.13531954128378895,0.09439260007181471,-0.35721261235178137,0.01981260906897958,-0.12492755207251191,0.21204815665028162,0.14065790613812906,0.40231465325808247,0.3030570470557149,0.09027545024958336,0.3530995155505048,-0.08517152919544342,-0.30171499613549874,0.03690128573610246,1.0190602720482522,-0.4131620732836051,1.5,-0.6320776417540932,-12.322027278868369,1.1167608328262506,5.993941670446779,-12.322027278868369,0.5838027246556092,1.4437691170175788,439
77,0.1264091418022208,-0.8,-0.2663896013073149,-0.24639008892438657,0.11852915317125373,0.029755424956660694,-0.5370691935168113,0.1680966520673936,0.14626459935221597,-0.3272423871865834,0.3906099290246627,0.02717080522363334,0.1693843219842894,-0.195632611549297,0.8,0.0004248266791594124,-0.33609163559809924,0.41904125638221035,0.15044287536398074,0.0631782833244937,-0.40924612526491966,0.8809607085315609,-0.7317339452599935,-0.30308038279379834,0.23574684461965464,-15.59879557325295,-10.33420549284229,7.524152765948762,-15.59879557325295,1.2327671148097832,0.8723230622678131,105
78,0.13452395661363964,0.2198197254515156,-0.19830515441339466,-0.6425790395888857,-0.2495934593934926,-0.8,-0.21736182220833833,0.49660988598117345,0.08918308440681083,0.032563578093428,0.2176573921183962,-0.0887811755874172,0.2364253707934563,0.5347477304072873,0.736599306062258,-0.38462784865517186,-0.8,0.5631172600591965,-0.42128823520504716,-0.1854654631163441,-0.5978612847586637,0.8946839141766149,-0.2615473221063992,0.3557464496731505,-0.047375481337260855,-11.12886692788719,-6.154064492462081,-2.6936950415331276,-11.12886692788719,0.42500362452769735,0.869066812643094,207
79,0.1584319107946363,-0.7869052022813898,-0.23701973090535208,-0.520891989270577,0.11817011605136726,-0.21020050590783426,-0.6165042229206134,-0.20942283965372294,0.28154112144348653,-0.03376028754027351,0.2928577041721322,0.028509541807043,0.8,-0.07481924466143329,0.6628516410972464,0.09178683591474564,-0.5038565622030632,0.25675515495316215,0.16536523614239843,0.473889469455827,-0.675898663890585,0.7143383456827462,-1.3791464083644056,0.1599060627130304,-0.39730395132679736,-8.31608743654363,-2.0341465034543496,-5.208683933630183,-8.31608743654363,1.1872758183292649,0.9192987366154514,316
80,0.05,0.22989112756596125,0.7952620155257553,0.2654094402693217,0.14985599381531237,0.02183244334030839,-0.5104625070118627,-0.18167342329975122,0.4466535548127099,0.033323330495069386,0.26704626799268516,-0.15206386600028554,-0.675179568642504,-0.7058945249820827,-0.23678023160642553,0.2889452251847938,0.028840886276821742,-0.10348999122888886,-0.14435831294073334,-0.528689190836316,-0.5842639805241802,-1.0785806872398453,-1.5,-0.6846139342747247,0.08535448668543996,-6.732330181586811,-0.9452999825451096,-10.415277191910672,-6.732330181586811,0.3982819573792743,0.8506166856355342,367
81,0.1422038807358921,-0.22074414253243935,0.6735190088663966,-0.38183640611403646,0.31723654532437484,0.08627257254347731,-0.12960335993681849,-0.3485342538273908,-0.040756160635920705,0.15733286623319287,-0.03799819142986799,0.026322404740901154,-0.32918902631473923,0.1523626149284896,-0.2957363564107618,-0.12931500589222245,-0.13962393278108304,0.03752074139412523,0.39110179752436064,-0.7037227042765237,-0.06078037010838401,-0.23566889611319164,-0.5785307726926951,-0.9114688688992173,0.3318598077402727,-12.228519654354894,-6.679805241582533,0.3582080841662376,-12.228519654354894,0.5913725429053139,2.3873448845142162,210
82,0.12102988775341361,0.5075970161464353,0.17607265173389378,-0.4256501175923335,-0.21974270265343426,-0.6504727576609434,-0.5177220860736306,0.3805455493519184,0.4955922526498077,-0.019433933625210217,0.23462599760551767,0.11916423191716062,0.2687549904123129,0.5841308828211137,0.34136557811567725,-0.3614461475091088,-0.16819838911978546,0.6133831921958353,-0.27007613890528603,0.049154641929722215,-0.14280598428551963,0.8886395618105907,-0.37798912424971054,0.5164243659810773,-0.32044995809575444,-14.384105613865923,-5.981531952977026,7.383351057850873,-14.384105613865923,0.26912692454118653,1.338749845279077,245
83,0.10578439455212872,-0.38077423688845546,-0.24645997272378897,0.10366457145486815,0.4743742254911588,0.5381521878166815,0.42157749069570566,0.18949017695584924,-0.6531938728621021,-0.08075478977128916,0.6990137095458984,-0.3714449143829076,-0.3521172060503477,0.2193807775560921,0.7741775874672212,-0.8,-0.33710076789169086,0.11582654201771939,0.0947796034047173,-0.21600181049305667,-0.5527886751317557,-0.4996985197002609,-0.9761782843147072,-1.2775173165997367,-0.3911496807563581,-7.187096701970411,2.5741969591368594,-2.937302629328946,-7.187096701970411,0.3203707291514304,3.196986668234817,459
84,0.0631857424256828,-0.10799249432676708,-0.6481490439014628,-0.37640099460228726,0.11939675202384786,0.45884366640764407,0.03872259363610705,-0.3066630299515328,0.4309791778554452,0.08474034381980691,0.6014744721526922,0.1624694173469001,0.7464614171725994,0.4655623911458808,0.6858773248109948,0.3826124626111677,-0.17145269014286135,0.15746936807443485,-0.045750577574154586,-0.18086276233878773,-0.5344107801294973,1.5,-0.8498753753899209,1.3151143765901385,0.21571621651994544,-12.179453722146775,-8.605885594467008,-2.957279592394677,-12.179453722146775,0.36896123122534435,0.7871721986315815,151
85,0.09004384178917343,0.22260915420092692,0.12347394775802054,0.30633395450836204,0.2699968985562578,-0.01285821677626877,0.33652049259363126,-0.029094789327051312,-0.08384073081652534,-0.016239700464412535,0.23427139548794537,-0.28894226940161005,0.067299252447594,-0.3929062194772041,0.49475731961716024,0.5239654051573791,0.3317199811453382,-0.09084629084651241,0.5240760710268668,-0.2415143928473002,-0.5744292224707518,-0.62505905019444,0.011119812828365418,-0.5980269110902336,-0.013971624696545247,-14.900942750099059,-8.030105245213422,7.328058676778203,-14.900942750099059,0.5524509515288094,2.183437454043619,161
86,0.11005536104129782,-0.05110464186911742,-0.8,0.11254527904249037,0.6998937023757503,0.6667085716184815,0.670465407318676,0.8,0.019087502192211905,-0.08099801825521766,-0.06497824425584682,-0.23634230339027767,-0.028686120518267327,-0.6909662940370944,0.8,-0.19624779273524728,-0.036363286257069624,0.248395950937152,0.21117116450327783,0.1070380289556639,-0.605273721484463,-0.2635107935130967,-1.0487892310165317,-0.2521750950925365,-0.6673260299753558,-11.20488744407159,0.8151077959601917,3.5441357774953923,-11.20488744407159,0.556100126617909,1.968137631436544,409
87,0.09431490894624346,-0.7338425961847524,0.4688736802629287,0.07543459339371072,0.2423962362223313,0.01270085847791242,0.7572827201338698,-0.34730925048990546,0.05216538680681915,0.06789014744761551,0.2902296144442654,-0.21086703164777593,0.7325238839778505,-0.43741546178671203,0.4768366269855202,0.28295063992309966,0.04901267182262396,0.0022690831119850097,0.03524664658373249,0.00014391155931767208,-0.8,-0.1913351080433192,0.41572829909913606,-0.0143213456986485,1.4481602834716218,-14.65490202391868,-9.486516090385713,5.182422598793819,-14.65490202391868,0.5021638229555734,2.5518268675921667,131
88,0.12895196468454106,-0.657063775632702,0.08265617098244041,0.5416427282626062,-0.323450036267105,-0.4765067678069622,0.2908546122045702,-0.23691225757190967,-0.3176080441693168,-0.1554930438580517,0.2523502616506869,0.03162302046831569,0.6587697559357808,-0.42500138979230684,0.35842706549646286,0.1808843000148604,-0.25063286721123396,0.40146290650765754,0.3568835362341849,-0.09711727429465059,-0.1911862481983077,-0.08627130292880805,-0.0042080191922777566,-0.11147014036689418,0.8774546620865131,-4.667767060702056,2.6654800520172,-6.7966627711130085,-4.667767060702056,0.8227302122539126,0.8242785566643047,455
89,0.05,0.3424263914407337,0.656481994366987,0.3987252996399756,0.11880994834357793,0.028026466725487427,-0.4088268170489086,-0.09772051812866103,0.3142702605284188,-0.13975108126699937,0.3604025668734864,-0.1322143906210251,-0.8,-0.5972143341204754,-0.4331167592198141,0.3283891816986712,0.07315946493112332,-0.1953721966413312,-0.2719457416972773,-0.6656968542017834,-0.8,-1.048247309922138,-1.3733734825576076,-1.0653766832589509,-0.3710915501048422,-6.844501458726359,-0.8948259617766754,-8.051391868797698,-6.844501458726359,0.4218296338982198,0.7340361099096261,369
90,0.07651444684508464,0.057205969547960187,0.7541203480965014,0.8,-0.053471386401766186,-0.3050363600550937,-0.4435604515794196,-0.06031166322968906,0.7115953496252895,0.18948177216342177,-0.2642230417292194,0.15460971495685277,0.27551554880665546,-0.3850100862564779,-0.5911226479603637,-0.11057979171482714,0.4245489200970167,-0.2949827194998108,-0.13806361649508933,-0.4171126001464197,-0.4415069819394425,-1.3209683488503399,-0.8724215627294685,0.004140422256236231,-0.8785124610037698,-7.850807989619131,-2.3913990997090195,-8.210974060401917,-7.850807989619131,0.4436538368753868,1.853322604722103,313
91,0.10225325649918246,-0.4538554314634279,-0.17196712978664697,-0.4516152042633852,0.49144179311897673,0.1941592046574689,-0.09973839130394815,0.15774138155025963,0.18585043475591748,-0.43997341528105816,0.2466257873540122,-0.05867489983505484,-0.41258142730352443,-0.2469555141269006,0.42166726466504945,0.4087603139068291,0.21353230800757222,0.07689338253444383,0.19590930205099333,0.21969213656521236,-0.8,-0.17982882829179714,-0.8433993326084525,0.21905347815461884,0.10326428227083159,-10.914784118514888,-5.02304226705414,-1.688646901324898,-10.914784118514888,0.6563176958327144,1.7229985190576314,236
92,0.05,-0.004220870364360349,0.587506619889674,0.7892764523235496,-0.20252784456976686,-0.3859023359350905,-0.4498624217337319,-0.2904220438365667,0.8,0.21401441119844855,-0.37639369993456784,0.14871460578225712,-0.12984098118120432,-0.5264001361416446,-0.2137142351183312,0.12355167172220113,0.6161411946999062,-0.13233354714917062,-0.0797805219492855,-0.3181866676903474,-0.1758677488453743,-1.165291725569482,-1.1470146383561368,-0.3873089157695774,-0.35929453260808114,-7.893071979454083,-1.0933394912983743,-4.902037333220184,-7.893071979454083,0.3997510060760469,0.8613546378548729,345
93,0.09419498248879217,0.01822385556990347,-0.3877184016176233,-0.058635120622867645,0.06831823848426491,0.42284052615522716,0.29577026906611875,0.32874994388200673,-0.48006141015485526,0.37198785314519506,0.28400146163388296,-0.38189232142151885,-0.3348746067253583,0.09256646715533526,0.45373031999242275,-0.6844197817819719,-0.0746242517299274,-0.009871632335205272,0.15734252220830797,-0.3560454169046006,-0.2676147083428797,0.14684782120341477,-1.150693110042113,-1.5,0.05351799064344859,-11.05783961999372,-2.635307572789103,1.2029084224198894,-11.05783961999372,0.4362471460507224,2.001487160837363,323
94,0.061889501279464,0.07146446091937728,0.45572363979789116,0.5154174751973806,0.4784390116571766,0.4192702733852638,-0.33200674750905496,9.386865066898786e-05,0.3704454203606602,0.28563921944086557,-0.1529978717731409,-0.28337265970864867,-0.07412674767921734,-0.13553306691692782,-0.39158845808112136,-0.34528645188795615,0.020966596015829266,0.21680816937760683,-0.22378741025762167,0.3054897817414828,-0.4627980235808231,-0.20823841529039733,-0.991289099808823,-0.27134099496371067,-0.10332649839359531,-4.317280917670129,10.430213791056545,-10.883196692156996,-4.317280917670129,0.3883295160545416,1.2656846907181722,675
95,0.05,-0.2714566831607226,-0.3727870043916721,-0.49077775020705994,0.5258373696012092,0.5656181392891215,-0.07219816171809762,0.09159924645620537,-0.4802841772666342,-0.18588210568952632,0.36908661108892643,0.014679492273659809,0.0726749913655455,0.08173898087046781,0.8,0.7102300946392832,0.017079215629306213,0.4773208268432448,0.7318019146722874,0.17958014671490213,-0.6409879854030684,-0.05453950217830622,-0.8049544656427257,0.21490403636210414,0.004858219468635322,-7.640679386056252,-1.0709783302433418,-5.562154392212109,-7.640679386056252,0.29516143746260914,1.10298606512285,344
96,0.09527268916884503,0.12806050872953612,-0.8,0.1966327390132175,0.41403825953775153,0.8,0.4362509259038894,0.6916221545519438,0.08800668359252187,-0.09019305465961276,-0.1544465142387933,-0.31309533051479466,0.05236215647425916,-0.6937899508763868,0.8,-0.5558115256517455,-0.19196008414065102,0.5658268216446604,0.34868377596039873,-0.2388933563747846,-0.5648769337769901,0.7165109740748399,-1.0176121043254986,0.41633898409189846,-1.4242086441439572,-9.759464124870684,2.8801606406783398,1.4966078108060739,-9.759464124870684,0.5090016486405583,2.7316219686943506,463
97,0.10961334075855199,0.03327629804434749,-0.669248185103679,-0.11181050788474975,0.7647789833578608,0.296728817851982,0.6818836394982059,0.47258273396640016,-0.03813964193266435,-0.24629228666091324,-0.04590281764554108,0.018956434133059308,-0.12808633784178527,-0.6163221624751313,0.8,-0.08446305096580958,-0.3039667880471991,0.16583211990898222,0.26653075938998,0.3438677371725879,-0.3677275566790017,0.1591893527734103,-1.2911091815752576,-0.4365898980980418,-0.4231094013533868,-12.877306648453647,-9.185623196466278,-0.949398051883762,-12.877306648453647,0.5348317406167591,2.9327905646159556,125
98,0.06398252879905006,0.2521714912940062,-0.30869480715024716,-0.36015525099246476,-0.5013554028674182,-0.8,-0.4634119092107587,0.7111606576081688,-0.05480948056482303,-0.07303262400316138,0.8,0.11667189134108821,0.22132054663580283,0.1531224160282617,0.42919738312646594,-0.23666490460060852,-0.5840642692416231,0.3527716945266186,-0.07616488138443123,-0.17507613123758375,-0.5126101935187913,1.5,0.12208223636951704,-0.2499106018432251,0.51443191625597,-6.9208952357531075,0.5588161640597262,-5.015815857787001,-6.9208952357531075,0.46115466092907814,0.7309539339613558,400
99,0.13922720000815786,0.3186030276480639,-0.15300371803236074,-0.7208069785786951,-0.46730781665677673,-0.5986368704790141,-0.07144288343647334,0.4041570369254045,0.04296143075301321,0.19272164951453832,0.04586017097707665,-0.05243206377292642,0.2338625308514424,0.42511269843290306,0.7196700240990342,-0.3220612975437574,-0.7773342170497844,0.682425541765719,-0.21336923332651497,-0.4315013719987222,-0.7564762065320967,1.0657511803813797,-0.4409304286954382,0.2491995734498538,0.19665151808802095,-13.643977950046644,10.371486169184283,9.159781093696271,-13.643977950046644,0.42251825066895815,0.7027079540074369,695
100,0.09116238552728888,-0.16757680365994454,-0.6071516965090389,-0.006224791731833764,0.06315395014400932,-0.5375846230292658,0.12090716658633582,-0.09600044884949158,0.12107756380629657,-0.30067960447262304,0.23063982618907666,-0.2396894901949107,0.3936288732424115,0.03833492748018026,0.3143338941386439,0.43859931556401066,0.164991878203173,0.5789531749657122,-0.09736468369708175,-0.02793727512308619,-0.32798643246324943,0.9570279455794972,0.012667818264757047,1.3647507388694173,-1.2361970170827576,-16.502648902588348,-10.066992913890044,10.754228048987715,-16.502648902588348,0.44400486525503524,2.6547087515105763,108
101,0.0726109991812764,-0.13351042845279204,-0.15523717420783328,-0.2526571330485279,-0.14895618085645362,-0.2666197331241601,0.3476366131639202,-0.15381972506807928,0.06830608482108445,-0.4008911136282477,-0.005478216066789891,-0.19105836592862552,0.2588387484279547,0.2695262806076211,0.27953203335997945,0.13595847180445703,-0.08366974518349216,0.1158181610789227,-0.06344356880006465,-0.21811120462665978,0.08332419522834444,0.8640808419887258,-0.5294608316374794,1.5,-0.2769042431969597,-10.14863728147408,0.6761194580594497,1.358938430841356,-10.14863728147408,0.4787486240024522,2.722996022932892,407
102,0.05372861261139668,0.049171521647193156,-0.008914810693190334,-0.011027733570915882,-0.2932779683700927,0.2361899136824595,0.2442526132903199,-0.490658836163061,-0.3486823492929729,0.2534042508706046,-0.18517324529734808,0.21608390912393227,0.11440739129409688,-0.014630364491595028,-0.290908632516058,0.5579473547073781,0.32602486036357664,-0.00957043624922857,-0.11371869149244099,0.039109025348325374,0.29617577788216076,0.2078116581358862,0.2599881312336019,1.1369316507335665,-0.8839818075844521,-13.579289172205087,6.7920847208513315,9.454779386253062,-13.579289172205087,0.4661552278089708,2.039569139134016,583
103,0.08751051614044167,-0.6302357389400314,-0.39642052748041134,0.013625519699225534,0.22230724215038344,-0.04660855664917216,-0.44416326839218223,0.08006776537894025,0.2431904279677289,-0.5712875898019899,0.3876537809002921,0.24868589544234904,0.2700706709636468,-0.1977739575306334,0.8,0.6113878655245573,-0.07094428469090312,0.2830239965639909,-0.02049580540151001,-0.10683618420452895,-0.3588755661105666,0.7905695807062711,-0.8508834285547957,-0.0057907790698661366,0.31795664113558875,-8.369566353877513,2.88295792965873,-0.8940993295154652,-8.369566353877513,0.6037783854705568,0.868790762017262,461
104,0.15049821684923825,-0.8,-0.16869996739114346,-0.41352904873350416,-0.12949784123680502,-0.2044489845061816,-0.38941676394330305,0.11448051395697112,0.34110637743119554,-0.51605330200234,0.48688526329745274,0.1258682552808998,0.2903428342739844,-0.08919218370824622,0.8,-0.024805592760803623,-0.36054450625615964,0.7085496310360175,0.25492788638238434,0.31980536746767274,-0.7598966435648024,0.8422352851643284,-0.7803917794768198,-0.6300057435591324,0.21809351662257148,-7.365617034733095,7.642298130165033,-1.902183530548611,-7.365617034733095,1.2797000811777668,0.7810237500745727,600
105,0.1300850823223065,0.35461024548521985,0.5906755810270377,0.3809582046550767,0.6618688976261412,0.03855167917570776,-0.16731097268427486,-0.4144299535641564,-0.5167721851512294,-0.005305614481772053,0.027425039940288085,-0.004161654527472018,-0.24767077317197034,-0.5448866984893008,-0.2958362705812992,0.07949887783881138,0.5989349840255886,-0.20955886176958116,0.09072446011050517,-0.4000489236711957,-0.2174915083669952,-0.5873058308712785,-1.0275717058110527,0.4754936707932574,0.1930075823701335,-0.10252326902938869,6.923180205002366,-10.64410467513259,-0.10252326902938869,0.7289421729099749,1.2592934517566239,563
106,0.08090529031056673,0.17068053288203336,-0.5084052713421569,-0.24343840330389446,-0.3733224699857679,-0.8,-0.17028867064401226,0.8,-0.16401667510615278,0.11297489112936956,0.8,0.16891073322046207,0.03362425677817868,0.2789093294336541,0.33624802580198343,-0.09751712672197863,-0.4464725155431758,0.2458477923357985,-0.3199188397664491,-0.31572994485197137,-0.695768696439274,1.5,0.4832252442409428,-0.3004781485789786,0.813324087293485,-8.20866064250477,10.504346082381407,-1.5735343039259009,-8.20866064250477,0.5182289583506207,0.6917126457112595,684
107,0.13070868719718753,0.06384374773919263,-0.058935656680375315,0.3208626429783493,-0.2570421633920428,-0.6610942651811708,-0.17659447982517135,0.6852376225929853,0.06936940725304258,0.19203965193967754,0.2115707911534761,-0.5748137635987988,0.3643707994631872,0.29004316702111366,-0.4429936453422484,0.5846140615431834,0.3452252593653963,0.21857381614762558,-0.16383915359560036,-0.1393111983589408,-0.44138712028335086,1.0831865297697927,-1.1914309368404257,0.09274325178999068,-1.2217005313820337,-12.158811420042095,-5.742197886832793,1.2365633214751344,-12.158811420042095,0.5353607703881135,1.5623143752626902,239
108,0.09191443537115125,0.1632761894775577,-0.6545919143102742,-0.29598636398821165,-0.4848642554465848,-0.8,-0.03575245228373289,0.7651136116723162,-0.05419027415678858,0.07279305784793258,0.4200147691392886,0.25637823977089924,0.1121073971592099,0.2832402452608093,0.3005696722610746,-0.12911298667672855,-0.7704860193948511,0.3923672130749961,-0.4452562343781242,-0.3685911105034405,-0.712498317131113,1.163714491852461,0.7379339171524758,0.08786037984865408,1.2274544697499912,-7.174305304777876,-0.20624769655303563,-5.440361727036278,-7.174305304777876,0.3301717621981126,1.3976905587382324,372
109,0.0599161119014779,-0.5602969847536466,-0.3278115611485036,-0.05134080727880205,0.03659427270676921,0.13180247480627003,0.20581494011164,-0.22242835137140565,0.21730675478287692,-0.5927495731739583,0.012534234102143924,0.22074023719507105,-0.03879936469917886,-0.6549343293116354,0.8,0.6614076257337762,0.7700530302101216,0.13464810656144868,0.20967607268383348,0.3323472198725673,-0.23219167369602184,-0.08137228788354056,-0.33703287753399835,1.4310885863106408,0.20938204123914908,-12.133209627984769,-8.671640929008987,-3.3301905425471183,-12.133209627984769,0.26142238362513853,2.7342036262541094,150
110,0.11952591277080571,-0.722058042318435,0.15623857725229112,-0.5277075443521346,0.13225017051142568,-0.03043989805532459,-0.607201904558819,-0.028432104921264023,0.1922683590553767,-0.3014941099528735,0.6745566088716799,0.012593533582673205,0.30159997306187436,-0.10021487725014838,0.8,-0.11128254271582426,-0.5681298975612246,0.3962046155271981,0.2739283770570864,0.08860302512181374,-0.37125405687551805,0.6601152309877731,-1.1868193036021775,0.06812658669403437,0.07011516932824599,-11.912423275813198,10.959444788825888,5.251025985484809,-11.912423275813198,1.2161721972605846,0.8359213096506027,691
111,0.0739347680834243,-0.3708747537322724,-0.44891736798053733,-0.10818781428116625,0.280860965319999,0.04255384578645291,0.21096260277758105,0.03035039183382875,0.3344220429937393,-0.4656782074665351,-0.09394206672348573,0.14827326050653772,-0.02285360975853966,-0.45257678047430255,0.8,0.7336290475547828,0.5043342407486336,0.2701056736906815,0.10581096102399758,0.24852285139166413,-0.2898383501834487,0.5092666262067785,-0.4863445451784243,0.7399488303079921,0.19811707061668515,-13.563645236859063,-5.72263224551691,5.275264574230131,-13.563645236859063,0.31683781160073926,2.8188638447756276,243
112,0.06510334092419415,0.004507528403230904,-0.5288138185103671,-0.37406365636432326,-0.30389458514422846,0.2716524990233786,0.04780997936572459,0.5302634551564887,0.24181660029346475,-0.4846222230706558,0.15378526637906076,0.31880474462516917,0.28467539383142965,0.028157163491303094,0.8,0.7960173070267065,-0.3520669286597166,0.4206293135706173,0.07483558953845025,-0.781056283197052,-0.3034026612192179,1.0403349336533776,-0.30147717741239116,1.1763791942322368,0.06321328989082375,-12.345371870094485,2.62436820843268,6.452386413937298,-12.345371870094485,0.5083708838822006,0.7036610697931402,468
113,0.1097063143055749,0.2192390989263453,0.17166848119327946,-0.23769849138157503,0.40070941852815134,-0.2297133609520145,-0.031037390728791747,0.15134382619516504,-0.3512014379533866,-0.6254410836533224,0.8,0.08573307664729729,-0.4946767204342328,0.06596378049316343,-0.09071386504654609,0.7400848242942835,-0.15860252422171905,0.15532730806283554,0.6402361170723908,0.6816042780232403,-0.8,-1.071031792764244,-0.1725861050711528,0.06241304536175735,0.5521038647725705,-12.690401886718924,-11.172504256999634,-9.373487122338783,-12.690401886718924,0.6092714195236406,2.5591572847223274,60
114,0.1389210134855548,-0.3445963326819794,-0.6574781218850159,-0.2321992290239861,0.17852199451613096,0.14685975048792987,0.006482584621423815,0.19522608737762026,0.1348972011965334,-0.4512039097540823,0.765840225442993,-0.23406330597447778,-0.18023785764823302,0.11186221297211238,0.7561532758095088,0.3698520513881874,0.2523771869191383,0.19024474556737286,0.7051537967340342,-0.3309090070000041,-0.7255133199812087,0.8976928087050409,-0.5902788831703238,0.18718110036229568,-0.13510797643983413,-15.981029879737221,-8.277397275411488,10.449271653178554,-15.981029879737221,0.994229457209937,0.7714906178848564,164
115,0.14742117892986845,-0.6818449300546241,-0.4493350878131847,-0.14202143606601067,-0.07281858896003761,-0.4071295348952383,-0.2130196591540351,0.6287938033199336,0.010345022997203725,-0.3310375247354443,0.26999099508679325,0.28977648003980094,0.3665537235743382,0.27086713129620893,0.6193976040834506,-0.10548054890235062,-0.19205116124967114,-0.17940031764731446,0.6624521734848122,0.3027425564523688,-0.4386964011864567,0.8478213567367631,-0.3192805614660754,-0.7862259537237717,0.09589890448348859,-12.401537760428049,-6.359879157569022,1.2902036802270973,-12.401537760428049,0.5931955573613492,0.928473773549783,211
116,0.15012601533056452,-0.6128312157300897,0.024312711008631388,-0.4052056526459336,-0.005150399759787733,-0.021508307703724985,-0.7327781038160593,-0.1496829997123862,0.24024695398584262,-0.10993379848720858,0.6714781269172606,0.0005346766385278014,0.334160031818421,0.0380289668243608,0.6738705050754251,0.02248352955327397,-0.48904143565965097,0.41851042889850015,0.22475810984139682,0.1161915303669592,-0.5925141693204014,0.6092918480543784,-1.3787869520067308,0.008487671684633387,-0.023692767714559415,-10.877288467116072,-4.9985993802184066,-1.7740445708681047,-10.877288467116072,1.1580951591510213,0.671466345574403,264
117,0.05,-0.20295166964745728,-0.5279232872431414,0.043307283236024924,-0.047140325988048015,0.3194114477821052,-0.028555874871213693,0.41405331042216587,0.3732850071143457,0.0027721675111683775,0.16306563219708603,0.24398795346134727,0.47190346829154983,0.3503900455272113,0.7477786014155889,0.22204658562596458,0.06790597936103027,0.3139330857105186,-0.18154626312540545,-0.5969784898393979,-0.04377904619362144,1.0171898620568327,-0.14889481333158355,1.112977109303708,-0.14439220851280476,-14.852700953340662,-5.422059667343002,9.06026542120586,-14.852700953340662,0.3381918284647411,0.7657185296776724,247
118,0.09961860383950616,-0.6428832443179593,0.3374102466815287,0.2820234714280545,0.5505482253521313,0.26856232053602785,0.12584094683073452,-0.35537730353912195,0.05182527078997404,-0.7495166780025104,-0.24615487126807048,-0.207645523452478,-0.32945057614076556,-0.3061816893075187,0.554306527009782,0.7930620861604782,0.28395959632598566,-0.469995939080315,-0.029809872555195238,0.06062485764533965,0.288187469243101,-0.8862604442829403,-1.5,0.045444661835107314,0.273486897541434,-11.304154224698982,-8.359528662507081,-11.030058491268303,-11.304154224698982,0.5198318869958897,0.9271872422247059,142
119,0.11615535332522081,-0.20876031697240754,-0.8,0.11547717903022044,0.6140984397458091,0.5196617835105923,0.6869418718763481,0.7925834937586534,0.22498660050757208,-0.14448754823438606,-0.0430412890382828,0.016043301452035752,0.17983270008966765,-0.7144922624691734,0.8,-0.5312576996439362,0.11267973660411876,0.3383654606642398,0.37108805894814556,0.2991374696097899,-0.25360526217464496,0.35262769348396045,-1.1190770002270234,0.22716608806597458,-0.2477691221109789,-15.750773079857108,-6.742159060830868,10.790827211873962,-15.750773079857108,0.5846149387428057,2.4282699204788822,220
120,0.11480874723690047,-0.24549201730668976,0.18261366730325623,0.34799340408411106,-0.40518538528058445,-0.6025667736576854,-0.2810428758083769,0.5551385604625644,-0.007818150234387061,0.3931159529777772,0.04540765637333827,-0.584249477439262,0.3189649365846611,0.42533587557304553,-0.6118528417145902,0.5058701618266258,0.6581437435528805,0.3042214956059571,0.06484858451242403,-0.11244953972377845,-0.4437833674705718,1.5,-0.9094020509887497,0.3409829086300458,-1.267405774077373,-0.17246827661054187,7.316959322326727,-9.927581360781359,-0.17246827661054187,0.8111618972439938,1.0390432477067915,592
121,0.1483197965100965,-0.8,-0.24022374073105937,-0.3772507615129579,-0.17978389234894243,-0.07223217467553046,-0.5921219889161611,-0.32551450380613167,0.09740920050506932,-0.18867708659715438,0.5089718293217191,-0.1577762651539419,0.19894249053301422,0.20258184747591665,0.8,0.17658079387575681,-0.6395240127402135,0.7546278532283184,0.3951400289885352,0.5149479222862007,-0.41902882440115596,0.6540154988629568,-1.401397404185093,0.20105229808889546,-0.5954412548995784,-14.014963635480992,5.401211322635977,10.415133134267744,-14.014963635480992,0.9985097319773835,0.6811145038492279,556
122,0.06000869471207056,0.40995105768972373,-0.41674567019532005,-0.061749166574996156,0.21760461192770006,-0.5771759344646219,-0.1794189866297463,-0.09578376192955287,-0.056507954218863676,0.20077923229859593,0.6431226797420861,0.2904709791898321,0.5108017398790924,-0.5768715660441232,0.4706903593498284,-0.12565928037683766,0.06853060280046985,0.1584498817804559,-0.592679928353054,-0.4625706614500803,-0.39565452443393107,0.4275362643153352,-0.6833406675238952,-0.6214931164638896,-0.12112690185655545,-15.469813855779769,-7.5636030933508565,9.410076898499348,-15.469813855779769,0.31548852597258037,1.3285371566377087,191
123,0.13560245800088322,0.13608063227492162,-0.3246770031159809,0.255410517688055,0.04411835530678826,-0.46494775386270004,-0.3231869437592091,0.528964254546296,-0.10091422946609431,0.07733281046366725,0.03598501478683311,-0.30902614073666984,0.35742245062345146,0.437584900410226,-0.5716074382671121,0.21624740648669344,0.7205083114411748,0.6374837456234874,-0.1363310172581518,-0.5630079738388328,-0.6272459930836403,0.7741843327743576,-1.297326757119785,0.4651760810051577,-1.0171233548063463,-14.922310424190002,-10.158305314921927,5.385402073936178,-14.922310424190002,1.1483489550434316,1.142318603130513,103
124,0.05,-0.3134980581396867,-0.8,0.11900724519414958,-0.627207787199793,0.44649401897247626,-0.0064449914398562735,0.48684219708702536,-0.24789207485599402,-0.06896679916404047,0.3821632878776463,0.2501591264296074,0.5634799198729885,0.62482576706828,0.8,0.24240941236262564,-0.24565419013008322,0.48441825479945344,-0.21249737536250846,-0.5318228566092791,-0.3839731067333678,0.42539819123729095,0.002070127086040638,0.9393503640207742,0.013247770584031954,-10.438644854334374,2.4179752698194354,2.6075342941955744,-10.438644854334374,0.3614454716873237,1.1383547939338647,464
125,0.05,-0.5567580660430684,-0.41893395383344734,-0.5976420508496763,0.17439987952485148,0.4374323187724062,-0.516540529386121,0.1651880864425839,-0.01898140336901416,-0.06673347918195326,-0.1683079349569812,0.17673546893994857,0.10500345549628443,0.7575143803976436,0.8,0.6519221691064695,-0.0732455039677373,0.35756634995195286,0.20667245193827186,-0.7036269698163,-0.2565043807663323,1.1515081892007257,-0.06872557953999542,0.7828341872415452,0.34891592856231723,-7.647718952848448,5.539397754148099,-1.4005073974803675,-7.647718952848448,0.4305105094780923,1.3029759757538288,544
126,0.05,-0.008406514549690247,0.3033971872765309,0.3257426604301669,0.5132709139999664,-0.3202403958818223,-0.25992221383373154,0.05172388515681646,0.240087194138146,0.10997566995571656,-0.23261039076914916,-0.12575133361942398,0.08078770374543995,-0.7032183413584683,-0.2979962977971268,-0.4106136311477675,0.13305498408796457,0.1757230345685392,-0.2925480249990657,0.1740852747084236,-0.235170385470327,-0.15492025214538957,-0.726072506058258,0.2968431071239872,0.10405115655926062,-11.708793155839864,2.511746760036239,5.116039838743945,-11.708793155839864,0.5603691417830642,1.0753352091756587,467
127,0.12493174351423943,0.27919521157744054,-0.16603467073851483,-0.8,-0.27938100531333265,-0.5475334419201241,-0.007350795824716871,0.7217522739810682,-0.0029413651502149182,0.43341833170093125,0.07686345021492577,-0.07331703700570112,0.43292167327440767,0.4971171958105613,0.35072690087716085,-0.671829821070286,-0.8,0.8,-0.32090787124972264,-0.5670647887446527,-0.6792521570696564,1.027624007467498,-0.41140538809808364,0.2056442095585604,0.49232564881856566,-15.605679483078205,-8.858155873537296,8.84203650859363,-15.605679483078205,0.6117949150767875,1.1202243681420139,162
128,0.08536019998057293,0.5758359185750203,-0.28242623982933535,-0.7358207575974908,-0.5996780683414382,-0.7227264154761325,-0.26657608589689713,0.5678288168084376,0.09747911361374889,0.256621545610323,0.16641385196291097,0.006127302191340785,-0.0955038651807123,0.5838622563298608,0.3381760855862317,-0.4569545876914679,-0.8,0.07726315883081872,0.09648589664654096,-0.47416234722384604,-0.2551919715214721,1.3388758973569055,-0.7650755460411967,0.8226892279629996,0.2953796990835879,-11.673394632113032,-4.0972875751164075,1.508216209562331,-11.673394632113032,0.6678654252175921,0.935769096909855,267
129,0.12394535889393192,-0.4445075772569007,-0.1957401270554579,-0.12770310960902312,0.3479153266301448,0.28136259435384336,0.061429461896804725,0.4063371821053242,0.16681563796525864,-0.15320008911003682,0.47605223638050786,-0.4042784227391426,0.3898453945382004,-0.3535699928170351,0.7541808803746112,0.7692543723668714,0.167291402672252,0.613044052671228,0.29888116278590404,0.22187724564230418,-0.7176100938738295,1.1522435613351436,-0.5362947939805861,0.12005715053660809,0.5584425591394317,-6.051145515879162,0.8738074140618031,-6.5104917267230915,-6.051145515879162,0.7113916905410509,1.4412184501351226,399
130,0.1270240593851076,-0.050969463216681735,-0.45990589052546454,0.005508244447119476,0.32391753757817476,0.3385555542092996,0.2508767689434668,0.15759837069834856,-0.20520819337669682,0.42136545352236876,0.27689050123224795,-0.6129372451871662,-0.7289157638308492,0.3398892837785076,0.6144372643812577,-0.7361997687742804,0.06345171024613366,-0.29974096033075764,0.4176891221589821,-0.37372676793084564,0.07342766187432431,-0.2538168869198996,-1.2827020629966435,-1.5,-0.07462950758187226,-11.903212236623723,-6.964414679462122,-1.1493226351702956,-11.903212236623723,0.3588383709446115,1.8129856029679334,208
131,0.15632420964968644,-0.5329165269675664,-0.01269204961285527,-0.44874372804413476,-0.018301519183473253,-0.054161683546467575,-0.6540020555378288,-0.30867993793902454,0.27331904330756174,-0.032216629621385745,0.23049255196205803,-0.12395793837916345,0.7586936188323521,0.04648066177791864,0.8,-0.09821203666628277,-0.36760489296198534,0.2704513973284566,0.16661452610394956,0.1410170949497715,-0.5649211856357307,0.5344435110598864,-1.5,0.03584926734796544,-0.21101863582188599,-3.3373285245673,9.46616336575971,-8.924818176243592,-3.3373285245673,1.3112211285285902,0.8205472370641165,649
132,0.0844463808793831,0.02248817162622478,-0.8,0.09232041638675567,0.47771789189408964,0.7393281089409774,0.39171827967419326,0.7890365538442983,0.1288065250250293,-0.1666032500905365,-0.08312192592526638,-0.35903507773295706,-0.05125079715343398,-0.47972778533776544,0.8,-0.45081674544921513,-0.06248106391276742,0.20217249690346892,0.25254089124443296,0.009254982949616644,-0.7134449673244286,0.1210794919885147,-0.5849859576993581,-0.2123256218452077,-1.1033994414849055,-10.41390742310345,-0.42414616363780117,1.2980460634533106,-10.41390742310345,0.3514843568528378,2.5149645590314025,379
133,0.14578288574831738,-0.366813615120942,-0.07606014591017031,-0.4207380453630182,-0.08522646363832961,0.03169388008660916,-0.6104267616321826,-0.05085631768549222,0.3032449597155709,-0.22587885847752215,0.5662232620404559,0.17990023445408643,0.561684098201138,0.22410320767541228,0.7949547378887591,-0.13168833419181636,-0.21845753854501293,0.23614072792270316,0.49812287519338083,0.2478992646367598,-0.6202104290861762,0.5502211328509286,-1.5,-0.29527595887706326,0.14495262259744907,-7.220384258039182,4.8264108489426825,-2.1094578971986793,-7.220384258039182,0.76863161249478,1.0245728605467388,515
134,0.1657530685501088,0.10554622882605415,-0.602155905219542,0.3649980898983706,0.7524936371309354,0.2880421390906722,0.760930313672924,0.8,-0.18881438308863732,-0.0390159106701532,-0.1678718844533506,-0.06276872222844204,-0.5038331807811429,-0.40965120756145545,0.8,-0.027758184810382378,-0.5503647489304699,-0.54336604157161,0.1904231405056807,0.46185804926180835,-0.5088284105455503,0.22605656250730582,-1.339500012173593,-0.21241652601807917,-0.3346058780721681,-11.800227835117266,-3.675776266598512,2.2023901882930517,-11.800227835117266,0.6625054814644423,1.1864444927313902,296
135,0.06440277448559387,-0.3686154452943847,0.37570255535036173,0.16725161690779247,0.16668853921007903,0.04314126299780496,0.5250072235257381,-0.23416619297207086,0.41227021137884734,-0.30751969356160647,0.07586741487918751,-0.36159421513054246,0.5810025336587379,-0.37530373219722213,0.7131023962900005,0.49391983161183745,0.07230121862953723,0.2952160379010639,0.011222855155234482,-0.003515449419471465,-0.5902537389273251,-0.3845645788132875,0.8876067019252872,-0.17218561909209804,0.6013418961535583,-12.993006092222355,-6.591246217709156,2.848604588366834,-12.993006092222355,0.4163048934796901,2.5876508433450187,212
136,0.16637983432489376,-0.29787448153847446,0.21996203966464448,-0.2698033281883982,-0.12316695765668637,-0.02113496375973587,-0.7139723218832553,-0.3265356959556022,-0.2464658076446965,-0.08109292792524835,0.5451364657611141,0.027770943894942293,0.773439886070528,-0.037990656161261474,0.8,-0.16434337521515036,-0.2677075381659474,0.3235270323838266,0.19950578496664884,0.209980256097892,-0.774886907354708,0.5341974915815596,-1.4742244341234232,0.12929216994169543,-0.1356718945139591,-7.250677218135245,6.056740268766785,-1.9423698582849247,-7.250677218135245,1.2790380207597676,0.8290653626422957,572
137,0.1152784902377143,-0.5354556714658718,-0.4936884353210922,-0.08502373437919333,0.1921788899314014,-0.021721117714583377,-0.19061536530470077,0.2189920906840277,-0.0686995248460116,-0.48724500759959677,0.7552113476919459,-0.5299578933488147,-0.07526714355646524,-0.2745261193533284,0.6576650336889865,0.7304607712211186,0.3278141707166091,0.1492258512146084,0.7611561210176372,-0.515190065583469,-0.7148899284746064,0.8917068836372034,-0.8308130488933851,0.6734432791943976,-0.11444218450684973,-13.361008839105658,-10.265194125825664,-0.7564645783392039,-13.361008839105658,0.8487880506611286,0.7889294485810302,97
138,0.15556911856532457,-0.4235560050379178,0.21408611600213068,0.10111838819096049,0.26950038434641344,0.3015699655486176,0.36909316608914344,-0.2283023978603531,0.08885320233260569,-0.24429676262083852,0.7250904334893249,-0.13609117155587236,-0.1655764597266312,0.45636717216514155,-0.16501999301908588,0.057991928928947944,-0.2679104184887857,0.09252716058058857,0.5077229834822078,-0.5600035031864008,-0.18185562382848772,-0.5059224903694522,-1.2999313097467122,-1.1440636437257197,0.34197967277273617,-14.567038459565929,-6.1670365939986995,7.769543575863267,-14.567038459565929,0.8383635202255394,2.2531093663497446,217
139,0.18399817626529658,-0.8,-0.03371552387200494,-0.5965602886681985,-0.29015936195567044,-0.3622947973482269,-0.4812872318156542,0.04453309400098483,0.26543945430478844,-0.7770361721147943,0.36823306313547116,-0.05291162873291175,-0.017381240868587278,-0.05782962017649862,0.794350397860569,-0.07383847508951821,-0.43803142627369657,0.7223365479702368,0.325357309408874,0.27093081967705024,-0.46118275735024983,0.803445435009029,-1.0968761656377184,-0.3888830605989239,0.1916648191661137,-12.557463253552438,-10.859597803803238,-11.06786045104827,-12.557463253552438,1.3938931938813959,0.7214372945176927,86
140,0.09625140251719982,0.3540340101858532,0.018619844437594346,0.8,0.6855276516937839,-0.23587680532203395,-0.30453377058375697,-0.671968616855485,-0.7127385023173134,-0.28148096927171334,0.28125440938514296,0.2535777611874219,-0.19059625929165366,-0.6047234211327396,0.06880540454946135,0.5963610866934199,0.6453057059725935,-0.3985019947460058,0.5922787125990655,0.004439864636652788,-0.3276489138334308,-0.9395201015864822,-0.5614565993599909,1.0906887260702065,0.1851163960992615,-13.533161477354664,-6.378563629483362,4.644452739778619,-13.533161477354664,0.6159218760357745,1.249200665658219,214
141,0.07746852757984361,0.2697844705644709,0.7374499296868102,0.5838381983247308,0.31323586220734173,-0.00452571838270922,-0.6179094005950424,-0.16331512904932954,-0.2767062890859485,-0.23085577942451388,-0.28080982436520807,-0.011901788194536224,-0.08629474676816119,-0.16536531018476136,0.04123104284084583,0.06442765047413672,0.11310876260837188,-0.3387754268960591,0.061730673717392354,-0.45906278358195185,-0.15389546105359936,-0.280452113470255,-0.408144020017015,-0.4416319700340389,0.018562697617498403,-11.074499957763592,-7.932157481078924,-8.801759970868147,-11.074499957763592,0.6098262563992632,0.6581702296424047,173
142,0.06763146731440683,0.030144715644639414,0.8,0.1950867994682654,0.1966604353241771,-0.14781216584893037,-0.10902171177834624,-0.39319313979057846,0.5477918334339416,0.1012583787008558,0.2558420515987029,-0.10664881236826365,-0.8,-0.7342457291484238,0.07780434487756133,0.2564039667975685,-0.12281106513708104,0.007745073429033883,-0.15290511670127419,-0.5873594511053745,-0.5764319991288264,-1.0542812778749917,-1.4184374071844141,-0.7828218714662133,0.3050815012146222,-9.00430824579526,-4.295272696148107,-8.902397842411805,-9.00430824579526,0.16674591729080662,0.8186037477392694,257
143,0.13159448378058974,-0.017134235111314525,0.017084786482612718,0.11386952311849466,0.19892296353164093,-0.48058144493349714,-0.4187021242103333,0.4777296478799817,0.05310445627696314,0.4762988592510382,0.09856148440752444,-0.6436877570501043,0.5025229030782433,0.18339077326680234,-0.4859238778651309,0.558477010813362,0.3346088089264686,0.34120437470791454,0.019211667414317596,-0.3239840012505951,-0.5100418944151461,0.9970219096858449,-1.3683115024986963,0.747111024119608,-0.5874530409582396,-7.533838262958886,4.484998788862013,-1.7227174103958658,-7.533838262958886,0.9947250068676831,0.973981373323457,516
144,0.062208291884426524,0.05998026639525746,0.43638910824161997,0.431919028596105,0.18150840436891524,0.5044303530700184,-0.5056921676397097,0.11048990948436538,0.5743161082535924,0.3308366656542417,0.11215140673553325,-0.43202773388054283,-0.497673979828189,-0.1349369432808979,-0.45532013158928514,-0.03987272162768718,0.05639456211689867,0.15747170030802357,-0.4720243121899659,0.4844025779331738,-0.19292570286358662,-0.1778912861667366,-1.5,-0.34085994720078117,-0.32653851069949713,-7.31018383436855,3.2756617523694027,-2.4230111942411536,-7.31018383436855,0.3389214583123885,1.2978927412194607,487
145,0.16556639727803396,-0.461981885903763,-0.06776640311242002,-0.5265014704072482,-0.12198623121153375,-0.30597266960904346,-0.6138728666027116,-0.1897509343311511,0.09091599621762309,-0.014717635799072551,0.7047626630838209,-0.21552742203725145,0.3573338220272399,0.15511476868661989,0.6382489657310029,-0.14378652439611228,-0.5025881823455561,0.5510460434556337,0.18876423921612284,0.2780663884170227,-0.665962490305251,-0.21392993920457515,-1.4841972847235736,-0.18017244420274042,-0.10638053170258867,-6.684657686716848,2.946986148963,-3.51737603819458,-6.684657686716848,1.158688513706214,0.708256479803239,458
146,0.17801855167183947,-0.7987979059996377,-0.4522059159507029,-0.1659920731520088,-0.09992633928040937,-0.047853917547230965,-0.4914929205762638,-0.4168352108199013,0.08812409089932378,-0.24557844103836884,0.5162096505136295,-0.14743696080667187,0.09112020772077536,-0.11840614030473531,0.8,0.11345134231109481,-0.7469452885764776,0.8,0.3473028951180522,0.54000209178095,-0.31659802656371183,0.35637084652406426,-1.5,0.16731115394758694,-0.5903818010264624,-7.462207046246384,8.887539129285345,-2.0815751714155253,-7.462207046246384,1.317303730066016,0.8645104688358494,627
147,0.058017848600391206,-0.0646972638908759,0.8,0.6620761277614073,0.5908183698430279,-0.08668492245434875,-0.27853146519219374,0.23770610090914007,0.03289145949421636,-0.30868640906259065,-0.20760910223917212,-0.0652619946495314,-0.4031204796529625,-0.049245292792114814,0.7790890834010967,0.31934621297205795,0.48215613316711037,-0.08233563507508113,0.4140522820376721,0.02181892784158662,0.3067733546571344,-0.2270848995358947,-1.1997373795953945,-1.4268770063366534,0.32302726147873356,-7.047162765375409,1.6846598754809254,-3.7274491277909103,-7.047162765375409,0.1563238197726082,2.3852365474471777,430
148,0.14006074799102874,-0.010110703676394217,-0.4847377750717328,0.26085378060671344,0.6722284884958042,0.20373700314992937,0.5567532018592418,0.8,0.05954337729242184,-0.06314953781800406,-0.11338005186346346,0.3484287615088901,-0.3110967592275723,-0.37415457388849516,0.7491556855306071,-0.1429174868698176,-0.5512925175075838,-0.34244772208192387,0.26441937249792286,0.49277812453014114,-0.6196042632656686,0.47634502216323804,-1.4405379787492887,-0.11000901908048938,0.2735490108850807,-14.116299180618476,8.465375998796256,10.538973158342023,-14.116299180618476,0.9702350341920031,0.6622111885609969,640
149,0.13941054138240364,0.32233058134028103,-0.0901533457024199,-0.4491576498102028,-0.23476732152084764,-0.8,-0.3386088713053932,0.4117234135070543,-0.08101637185514954,-0.12937953737414426,0.31040431822833175,-0.003966646511049748,0.08404652241564889,0.5386105323837325,0.644312043562941,-0.3838075231995127,-0.8,0.45416916675980545,-0.5178859512223974,-0.08790342267327858,-0.8,1.0036504820696512,0.2831926046501072,0.6950259002438781,0.08998086799486196,-12.214126023747745,3.4101648827402036,6.335532310265554,-12.214126023747745,0.45605287396345723,1.1826932154051464,496
150,0.11837492893431202,-0.4563318756452134,-0.3601302030962776,-0.30263496055901506,0.5089691257081379,0.05632716737036494,-0.30354265053370877,-0.004371484318767688,0.3283732897861132,-0.5664540227987683,0.40275794658548625,0.07831637619392803,0.44993978382349264,-0.4699806497734592,0.8,0.38738572331531246,-0.11247800001991115,0.4736596282583927,0.1910812879313158,0.055623838364982636,-0.17118864196539058,0.7665951499705751,-0.7743113368879386,-0.061877537967144965,-0.09200238939692468,-12.604650481663029,-9.41191205696885,-2.6245231138776517,-12.604650481663029,0.2888054125703805,2.5344513397007855,123
151,0.1348916437994806,-0.0468415267720842,-0.1125276339623688,-0.7702563390358219,-0.207227223442505,0.026627055553469406,-0.4179833243034257,-0.11272971078620156,0.14576394559761396,-0.16194265219984294,0.6159160074622506,0.17513045816886202,0.4867045298997174,0.20906687697789383,0.7062684950129866,-0.3800141198653707,-0.2929837181982806,0.31614728259013836,0.29643004358851455,-0.08782081475622544,-0.7947231520458384,0.510011492883114,-0.9975483102658902,-0.0315571788165841,0.24045899263668807,-12.554757304817201,-5.17058897257965,2.9306992688382367,-12.554757304817201,1.060365978076973,0.9925474294888574,240
152,0.10298417131305396,0.27809653429621756,-0.4452133818522803,-0.30426250808522315,-0.47359181668112804,-0.5498682330257941,-0.2986495890302212,0.7498063313658881,-0.16645587097068684,0.12311031361525657,0.7835842637960001,0.013873823467571628,0.3037247063659015,0.34872814659694895,0.5169887188851969,-0.14675639764765339,-0.49191487534530304,0.13560556455254968,-0.18415287223083665,0.13275274215406652,-0.5883637311283524,1.4107765499972593,-0.28909393667293065,-0.45328779858645685,0.8364977599508072,-12.569699975556585,1.3247039303897963,6.591623864754844,-12.569699975556585,0.44324554475231465,1.259947898699524,440
153,0.10235190406100653,-0.3741053523704949,-0.3134078631682598,-0.018429044727670832,0.34455448563527,0.49034293775077964,0.007507279779420145,0.08963301882357985,-0.12942318872089498,-0.43390568654798717,0.10040203056066271,-0.06765233733374862,0.03828129570450137,-0.055530448338456266,0.8,0.4037396008364277,-0.14640918950456455,0.3667493130496821,0.06532133792959038,0.11597671298965595,-0.5345744996528268,0.2568931598268231,-0.6622556918136967,0.23417063757587625,0.23012945762426257,-12.695898753868683,2.148004671665874,7.085193502941114,-12.695898753868683,0.7728107228806738,1.5075509764326178,469
154,0.1087615910679258,0.01629464934780739,-0.337676348570397,-0.7321569021426226,-0.22797451507012761,-0.5156330820765337,0.08948536477003456,0.7934421261215039,0.2762300076547343,0.1899504582685723,0.08729917653884832,-0.32187748620598,0.5080857428930227,0.7196690966599855,0.3479178071630089,-0.8,-0.6199113973533352,0.49065769666099357,-0.6183073566289553,-0.4399583897276426,-0.8,1.149183557786838,-0.21017180910957975,0.024709520426131587,0.02773464470179382,-11.277313680302658,-1.5416732713666872,2.49210716777824,-11.277313680302658,0.8833380443376726,0.9328316101419801,352
155,0.13414977198397135,0.30974115090970966,-0.3658169117745071,-0.271821045224938,0.4574709659161347,-0.6733716889570616,-0.5066796312810797,0.5768086347476649,0.3004226602962416,0.13837293626060415,-0.056892794320945905,0.15923778726374915,0.42732766818435347,0.5799890449838326,0.25018308355215246,-0.30884459866474157,-0.42666740500368017,0.726817415287324,0.4052714850073319,-0.1481873589326304,-0.690987670222456,-0.015937273864698676,-0.5257219387418215,-0.029231423541453402,-0.4590461453661202,-15.135659858497384,-6.565146391112599,9.122301960100987,-15.135659858497384,0.3881875998375796,1.2743335637804036,219
156,0.1559861341993645,-0.6981328522733572,0.23219200583011695,-0.35516196865829,-0.037843399643902056,0.007793583642601645,-0.7137022761462001,-0.13086017479788697,0.1691882465884828,-0.08359581967688404,0.17906251737763546,-0.11296360848463845,0.7719349425870643,0.11327530148742494,0.8,-0.1805618235698711,-0.3639373709567494,0.3574495037751107,0.06583679358173436,-0.01799198295569926,-0.5776584154931966,0.7461024577762442,-1.2563933126070506,-0.44917571053093364,-0.4424081835091058,-7.8978285237407615,3.7257447081367556,-1.3664155408101841,-7.8978285237407615,1.2556216943870828,0.7398180855623604,488
157,0.14987703396413832,-0.43046104515805234,0.01472666997799768,0.14710977192013483,0.07368787538975174,0.5510243667557363,0.3925854519601433,-0.21512271694092006,0.25647337145352533,-0.1831905304079249,0.577926375352177,-0.004948603661096673,0.18206600339909174,0.359646668569919,0.08425841239213439,0.17551238159141788,-0.03904114811539483,0.10004664515673044,0.46017483625559197,-0.7266004578622101,-0.35350555227929004,-0.33890780358672656,-1.4034730164555251,-1.0285812518532726,0.6066002807455972,-12.122707264940253,-8.94232833357521,-4.046530820572109,-12.122707264940253,0.769997969379121,0.6231599265794835,149
158,0.20024364562299507,-0.4452117489031072,-0.3170155627269638,-0.16111439250397883,-0.04400515370673652,0.2797075700301163,0.017744744459233186,0.17131830255516245,0.2447697524700844,-0.3453270096658808,0.24035093827684464,-0.046892042874745854,-0.28565854961984954,-0.0809759353350568,0.8,0.4130518519632865,0.2749074209812581,0.10206862371458,-0.053103694993458794,-0.2807152797682791,-0.8,0.7575486472985173,-0.7549324713498713,0.43446225897284857,-0.12538812789912168,-3.5338217970549524,9.110790137867749,-7.779370850301613,-3.5338217970549524,1.375987098949321,0.7458630805859081,650
159,0.14907708559237434,-0.4768838391068682,-0.38136603783741885,-0.5469480812960948,-0.07084488626647413,0.30247529875534596,-0.605880653130417,-0.006932502679086738,0.37785661569022716,-0.017834055471734084,0.48288172213114516,0.13982147530774675,0.5978759335125831,-0.031029906224752463,0.8,-0.41933282113264553,-0.2584373739687421,0.39161350716052035,0.2738588919396616,0.3963963160096612,-0.798248757882846,0.557448391125655,-1.5,0.7807217968886258,-0.47167494110535496,-7.17524868465023,10.637967751837289,-3.4089293159409877,-7.17524868465023,1.419203057006964,0.5859774908089513,682
160,0.10899144551938764,0.3772260353980996,0.4450598619216448,-0.8,-0.0932906208279553,-0.8,0.2338721756117847,0.6488252864410451,-0.07956512416133965,0.1503601462989197,-0.037580856199815604,-0.03381554078928895,0.5798562822395302,0.35553952228953817,0.531819773131653,-0.64711085481882,-0.7118193305839164,0.5456815701017347,-0.2940248678322966,-0.5832100411870441,-0.48930651377415757,0.620641166531138,-0.4508049615614801,0.3378819628762087,0.42018588424955977,-12.994519092747304,5.324715635797275,8.176515702408182,-12.994519092747304,0.7257610840519302,0.8693971951772963,554
161,0.1616400302886643,-0.18554832962664577,-0.3485323970890665,-0.40803304339644564,-0.35393242114631396,0.034978581479808396,-0.41242704443535794,-0.092623954684995,0.22684629901100944,-0.12501149920473384,0.4049359329180563,0.23159750738539966,0.14400205927245668,0.47220129141807377,0.7494017139747852,0.00845815792238186,-0.24332880886101332,0.5196029857938145,0.12853228620443555,0.20865548741345524,-0.7927673592394275,0.7876605753165299,-0.5347740823902855,-0.2219441246355702,0.517644905070184,-7.289325513830267,-1.0246451905543768,-6.56551058283789,-7.289325513830267,0.717329940803664,1.011763271945443,343
162,0.08808862571761825,-0.401103010882062,0.2153655334251295,0.27169942208093756,-0.4594798083939691,-0.7539316663720835,-0.31087340319722045,0.8,-0.11622847194103947,0.32215315653807514,0.14367518561331888,-0.6179547737418494,0.44253157232667956,0.22249048688345902,-0.4560949233788156,0.49491997433207874,0.771259885168163,0.3704043097574884,-0.14941846446513296,-0.2977895012059598,-0.15848434746387785,0.9780073797966818,-1.1430520056148326,0.5246415646137993,-1.4029949264246608,-2.6900277939859984,8.794861256166202,-8.731688282885601,-2.6900277939859984,0.7622176883720149,0.9523938715130444,621
163,0.10547046060547557,0.45425926682734163,-0.21975028450782608,-0.8,-0.020290055185622546,-0.6087011660791188,0.23779170632686353,0.7266634451436189,-0.131119203759422,0.2304020308081189,0.06964245571566896,-0.19153306789008376,0.45346818440840797,0.6144187453111289,0.45172250485347687,-0.734404652197596,-0.8,0.7922157499536354,-0.2582410320093122,-0.29684301742057245,-0.8,0.6115257031022957,-0.1981486739804411,0.5376613817120091,0.3977050332961367,-10.870585586851792,-0.8330915082877374,2.0273545566877593,-10.870585586851792,0.6554091384496277,1.117801756450642,380
164,0.07958649197167536,-0.42480752923755793,0.4107534246526656,0.754197335548781,-0.16317000924539687,-0.2082216082661495,-0.34846307118772146,-0.4962607802407478,0.6890605427590378,0.41077725776120927,-0.45042781624597483,0.25363823473514086,-0.05314088474003811,-0.5092660410209501,-0.38108057430707665,-0.14646831351619086,0.4495305188439632,-0.2507178191945898,-0.2352013588941127,-0.24316326657395956,-0.12739159997594462,-1.3725815988922447,-0.9780899460587447,-0.6617303973194367,-0.7367481361694646,-2.979536885070168,9.132302012132214,-10.776325601360298,-2.979536885070168,0.5992237524513457,0.9338812799019216,647
165,0.1219875853505009,-0.10929805283329999,-0.5495328828991313,0.13021670169166216,0.449420219553719,0.7415270635000288,0.637709175771827,0.8,0.14463462350829592,-0.12125748125195424,-0.4471703379505084,-0.07503723720607916,0.13464031876435326,-0.5194212995896474,0.6890947404513464,-0.0028981423077678314,-0.356101872175132,0.25463890822798696,0.23620507437640015,-0.03532152010467619,-0.5289730306883349,-0.2861319324072647,-1.1024320963290812,-0.19073121806475887,-1.5,-10.768305714081892,1.658419455244728,2.9898908412611087,-10.768305714081892,0.65740410775915,2.6393116543386266,436
